LU2MEM14;28706166;65;0;6
LU2MEM14;28706292;82;0;6
LU2MEM14;28706424;73;0;6
LU2MEM14;28707029;73;0;6
LU2MEM14;28707352;84;0;6
LU2MEM14;28709733;85;0;6
LU2MEM14;28710179;67;0;6
LU2MEM14;28710226;83;0;6
LU2MEM14;28711756;69;0;6
LU2MEM14;28715453;67;0;6
LU2ME232;21102791;70.375;0;3
LU2ME232;21108364;41.125;0;3
LU2ME232;28602401;75.625;0;3
LU2ME232;28610792;71.125;0;3
LU2ME232;28705823;65.125;0;3
LU2ME232;28706059;79.125;0;3
LU2ME232;28706094;64.625;0;3
LU2ME232;28706173;61.375;0;3
LU2ME232;28706305;73.125;0;3
LU2ME232;28706440;54.5;0;3
LU2ME232;28707100;55.375;0;3
LU2ME232;28707941;67;0;3
LU2ME232;28708266;64;0;3
LU2ME232;28708579;69.625;0;3
LU2ME232;28709368;56.375;0;3
LU2ME232;28709867;66.125;0;3
LU2ME232;28710261;51.125;0;3
LU2ME232;28710792;56.375;0;3
LU2ME232;28712526;71.5;0;3
LU2ME232;28714890;53.875;0;3
LU2ME232;3809529;0;0;3
LU2ME225;28600528;74.75;0;6
LU2ME225;28601268;0;0;6
LU2ME225;28603777;31.5;0;6
LU2ME225;28626268;76.375;0;6
LU2ME225;28635007;71.375;0;6
LU2ME225;28702216;70.375;0;6
LU2ME225;28705317;86;0;6
LU2ME225;28706207;63;0;6
LU2ME225;28712124;59.125;0;6
LU2ME225;28716429;68.875;0;6
LU2ME225;28716812;18.25;0;6
LU2ME225;28736759;80;0;6
LU2ME225;3700478;68.25;0;6
LU2ME225;3803977;60.125;0;6
LU2ME225;3808557;74.375;0;6
LU2ME224;28600528;80.1;0;3
LU2ME224;28601268;34.9;0;3
LU2ME224;28603777;74.5;0;3
LU2ME224;28626268;85.9;0;3
LU2ME224;28635007;75.9;0;3
LU2ME224;28702216;70.9;0;3
LU2ME224;28705317;69.9;0;3
LU2ME224;28706207;77.8;0;3
LU2ME224;28712124;62.4;0;3
LU2ME224;28716429;75.7;0;3
LU2ME224;28716812;64.7;0;3
LU2ME224;28736759;75.1;0;3
LU2ME224;3700478;79.2;0;3
LU2ME224;3803977;80;0;3
LU2ME224;3808557;80;0;3
LU2ME223;28600528;54.8;0;6
LU2ME223;28601268;72.2;0;6
LU2ME223;28603777;73.8;0;6
LU2ME223;28626268;74.6;0;6
LU2ME223;28635007;56.7;0;6
LU2ME223;28702216;65.8;0;6
LU2ME223;28705317;76.4;0;6
LU2ME223;28706133;50.7;0;6
LU2ME223;28706207;59.8;0;6
LU2ME223;28710705;83.5;0;6
LU2ME223;28712124;55.8;0;6
LU2ME223;28716263;56.3;0;6
LU2ME223;28716429;70.4;0;6
LU2ME223;28716812;74.9;0;6
LU2ME223;28736759;71.5;0;6
LU2ME223;3700478;64.3;0;6
LU2ME223;3803977;66.8;0;6
LU2ME223;3808557;73.2;0;6
LU2ME222;28600528;70;0;3
LU2ME222;28601268;85;0;3
LU2ME222;28603777;75;0;3
LU2ME222;28626268;70;0;3
LU2ME222;28635007;65;0;3
LU2ME222;28702216;80;0;3
LU2ME222;28705317;55;0;3
LU2ME222;28706133;65;0;3
LU2ME222;28706207;70;0;3
LU2ME222;28710705;0;0;3
LU2ME222;28712124;60;0;3
LU2ME222;28716263;70;0;3
LU2ME222;28716429;75;0;3
LU2ME222;28716812;80;0;3
LU2ME222;28736759;85;0;3
LU2ME222;3700478;80;0;3
LU2ME222;3803977;0;0;3
LU2ME222;3808557;75;0;3
LU2ME221;28600528;67.3;0;3
LU2ME221;28601268;65.7;0;3
LU2ME221;28603777;73;0;3
LU2ME221;28626268;70.3;0;3
LU2ME221;28635007;65.3;0;3
LU2ME221;28702216;60.4;0;3
LU2ME221;28705317;76.8;0;3
LU2ME221;28706133;62.5;0;3
LU2ME221;28706207;79.3;0;3
LU2ME221;28710705;80.6;0;3
LU2ME221;28712124;50.2;0;3
LU2ME221;28716263;70.7;0;3
LU2ME221;28716429;80.9;0;3
LU2ME221;28716812;76.5;0;3
LU2ME221;28736759;73.9;0;3
LU2ME221;3700478;60.9;0;3
LU2ME221;3803977;79.3;0;3
LU2ME221;3808557;81.4;0;3
LU2ME202;21100326;0;0;3
LU2ME202;21102791;18;58;3
LU2ME202;21108364;83;0;3
LU2ME202;28601399;36;0;3
LU2ME202;28602401;37;57;3
LU2ME202;28604562;0;0;3
LU2ME202;28605724;17;17;3
LU2ME202;28610792;52;0;3
LU2ME202;28612660;0;0;3
LU2ME202;28612983;0;0;3
LU2ME202;28705823;51;51;3
LU2ME202;28706059;50;0;3
LU2ME202;28706094;71;71;3
LU2ME202;28706173;55;0;3
LU2ME202;28706305;27;27;3
LU2ME202;28706440;24;29;3
LU2ME202;28707100;50;50;3
LU2ME202;28707579;35;35;3
LU2ME202;28707941;77;0;3
LU2ME202;28708266;67;0;3
LU2ME202;28708579;22;32;3
LU2ME202;28709368;59;0;3
LU2ME202;28709867;57;0;3
LU2ME202;28710261;41;41;3
LU2ME202;28710792;27;27;3
LU2ME202;28712526;23;42;3
LU2ME202;28714890;45;53;3
LU2ME202;3809529;0;0;3
LU2ME201;21102791;78.8;0;3
LU2ME201;21108364;53.2;0;3
LU2ME201;28602401;79.3;0;3
LU2ME201;28610792;71.7;0;3
LU2ME201;28705823;80.2;0;3
LU2ME201;28706059;79.3;0;3
LU2ME201;28706094;70.9;0;3
LU2ME201;28706173;81.5;0;3
LU2ME201;28706305;84.6;0;3
LU2ME201;28706440;79.7;0;3
LU2ME201;28707100;74;0;3
LU2ME201;28707941;74.9;0;3
LU2ME201;28708266;54.9;0;3
LU2ME201;28708579;75.8;0;3
LU2ME201;28709368;79.3;0;3
LU2ME201;28709867;81.1;0;3
LU2ME201;28710261;74.9;0;3
LU2ME201;28710792;75.3;0;3
LU2ME201;28712526;81.6;0;3
LU2ME201;28714890;65.6;0;3
LU2ME201;3809529;0;0;3
LU2ME116;21100712;57.5;0;6
LU2ME116;21114032;65;0;6
LU2ME116;21117164;50;0;6
LU2ME116;28601399;0;0;6
LU2ME116;28602696;35;0;6
LU2ME116;28602756;75;0;6
LU2ME116;28612660;0;0;6
LU2ME116;28706397;85;0;6
LU2ME116;28709516;65;0;6
LU2ME116;28711438;62.5;0;6
LU2ME116;28711486;70;0;6
LU2ME116;28712127;35;0;6
LU2ME116;28712643;80;0;6
LU2ME116;28712899;52.5;0;6
LU2ME116;28726856;70;0;6
LU2ME116;3811710;35;0;6
LU2ME115;21100712;57;0;6
LU2ME115;21114032;53;0;6
LU2ME115;21117164;53;0;6
LU2ME115;28601399;0;0;6
LU2ME115;28602696;30;0;6
LU2ME115;28602756;85;0;6
LU2ME115;28612660;17.5;0;6
LU2ME115;28706397;75.2;0;6
LU2ME115;28709516;71.5;0;6
LU2ME115;28711438;50.15;0;6
LU2ME115;28711486;75.3;0;6
LU2ME115;28711957;0;0;6
LU2ME115;28712127;40;0;6
LU2ME115;28712643;72;0;6
LU2ME115;28712899;70.6;0;6
LU2ME115;28726856;80.25;0;6
LU2ME115;3800240;0;0;6
LU2ME115;3811203;0;0;6
LU2ME115;3811710;35;0;6
LU2ME114;21100712;72.85;0;6
LU2ME114;21100963;53.6;0;6
LU2ME114;21100975;68.12;0;6
LU2ME114;21102219;66.13;66.13;6
LU2ME114;21102444;43.18;0;6
LU2ME114;21105766;63;0;6
LU2ME114;21106194;78.53;0;6
LU2ME114;21108230;61.55;0;6
LU2ME114;21108974;30.7;30.7;6
LU2ME114;21109812;30.85;30.85;6
LU2ME114;21109852;53.24;0;6
LU2ME114;21109967;69.05;0;6
LU2ME114;21113328;55.5;0;6
LU2ME114;21113352;0;11.5;6
LU2ME114;21113403;64.57;0;6
LU2ME114;21113972;56.65;0;6
LU2ME114;21114032;58.36;0;6
LU2ME114;21116370;67.62;0;6
LU2ME114;21117164;77.88;0;6
LU2ME114;21119936;25.25;25.25;6
LU2ME114;21120260;54.98;0;6
LU2ME114;28504397;61.86;0;6
LU2ME114;28600200;64.97;0;6
LU2ME114;28600584;45.33;0;6
LU2ME114;28600642;45.06;45.06;6
LU2ME114;28602453;36.36;36.36;6
LU2ME114;28602756;73.7;0;6
LU2ME114;28602780;0;0;6
LU2ME114;28603116;52.1;0;6
LU2ME114;28604017;57.08;0;6
LU2ME114;28604520;0;0;6
LU2ME114;28604566;65.48;0;6
LU2ME114;28604720;72.42;0;6
LU2ME114;28604997;58.25;0;6
LU2ME114;28606382;50;0;6
LU2ME114;28606486;62.75;0;6
LU2ME114;28606866;71.03;0;6
LU2ME114;28608495;44.2;0;6
LU2ME114;28608911;64.37;0;6
LU2ME114;28609478;0;0;6
LU2ME114;28610524;44;44;6
LU2ME114;28611398;70.95;0;6
LU2ME114;28614638;54.57;54.57;6
LU2ME114;28614739;39.75;0;6
LU2ME114;28618339;0;0;6
LU2ME114;28628537;74.13;0;6
LU2ME114;28631007;69.77;0;6
LU2ME114;28631326;41.5;41.5;6
LU2ME114;28631358;64.97;0;6
LU2ME114;28632274;37.3;37.3;6
LU2ME114;28633037;62.13;0;6
LU2ME114;28633286;68.03;0;6
LU2ME114;28633513;61.53;0;6
LU2ME114;28639222;50.9;0;6
LU2ME114;28705069;69.16;0;6
LU2ME114;28705556;75.28;0;6
LU2ME114;28705636;0;0;6
LU2ME114;28705702;71.69;0;6
LU2ME114;28705892;64.85;0;6
LU2ME114;28705934;18.96;0;6
LU2ME114;28706022;66.25;0;6
LU2ME114;28706029;69.12;0;6
LU2ME114;28706084;50;0;6
LU2ME114;28706118;58.87;0;6
LU2ME114;28706288;62.2;0;6
LU2ME114;28706324;65.55;0;6
LU2ME114;28706334;80.38;0;6
LU2ME114;28706353;48.21;0;6
LU2ME114;28706397;77.92;0;6
LU2ME114;28706408;59.61;0;6
LU2ME114;28706431;71.15;0;6
LU2ME114;28706510;54.73;0;6
LU2ME114;28706513;54.89;0;6
LU2ME114;28706855;0;0;6
LU2ME114;28706923;81.84;0;6
LU2ME114;28706993;67.27;0;6
LU2ME114;28707034;0;0;6
LU2ME114;28707250;75.58;0;6
LU2ME114;28707795;67.11;0;6
LU2ME114;28708098;44.13;0;6
LU2ME114;28708315;54.46;0;6
LU2ME114;28708550;46.67;0;6
LU2ME114;28708611;78.62;0;6
LU2ME114;28708677;47.39;47.39;6
LU2ME114;28709053;59.75;0;6
LU2ME114;28709516;76.82;0;6
LU2ME114;28710225;62.42;0;6
LU2ME114;28710623;58.49;0;6
LU2ME114;28711356;50;0;6
LU2ME114;28711438;66.92;0;6
LU2ME114;28711486;74.04;0;6
LU2ME114;28711957;61.34;0;6
LU2ME114;28712469;39.01;0;6
LU2ME114;28712643;74.15;0;6
LU2ME114;28712811;73.67;0;6
LU2ME114;28712863;58.25;0;6
LU2ME114;28712899;63.05;0;6
LU2ME114;28714514;86.69;0;6
LU2ME114;28715136;59.06;0;6
LU2ME114;28717679;47.11;63.35;6
LU2ME114;28719569;0;0;6
LU2ME114;28726856;76.56;0;6
LU2ME114;3682674;32;32;6
LU2ME114;3800240;43.43;43.43;6
LU2ME114;3800423;63.05;0;6
LU2ME114;3801919;30.32;31.5;6
LU2ME114;3802958;50;0;6
LU2ME114;3803788;50;0;6
LU2ME114;3803863;45.94;0;6
LU2ME114;3805128;47;50;6
LU2ME113;21100712;73.2;0;6
LU2ME113;21100963;65.8;0;6
LU2ME113;21100975;84.1;0;6
LU2ME113;21102219;31.9;31.9;6
LU2ME113;21102444;70.6;0;6
LU2ME113;21105766;91.2;0;6
LU2ME113;21106194;61;0;6
LU2ME113;21108230;64.7;0;6
LU2ME113;21109852;71.8;0;6
LU2ME113;21109967;76.7;0;6
LU2ME113;21113328;59.8;0;6
LU2ME113;21113352;5.1;40;6
LU2ME113;21113403;47.5;0;6
LU2ME113;21113972;74;0;6
LU2ME113;21114032;65.4;0;6
LU2ME113;21116370;76.9;0;6
LU2ME113;21117164;78.7;0;6
LU2ME113;21119936;42;42;6
LU2ME113;21120260;64.6;0;6
LU2ME113;28504397;76.4;0;6
LU2ME113;28600200;60.8;0;6
LU2ME113;28600584;58.5;0;6
LU2ME113;28600642;61;61;6
LU2ME113;28601399;61.2;0;6
LU2ME113;28602453;56.3;56.3;6
LU2ME113;28602696;59.4;0;6
LU2ME113;28602756;64.5;0;6
LU2ME113;28602780;0;0;6
LU2ME113;28603116;78.7;0;6
LU2ME113;28604017;50;0;6
LU2ME113;28604520;0;0;6
LU2ME113;28604566;76.9;0;6
LU2ME113;28604720;63.9;0;6
LU2ME113;28604997;72.9;0;6
LU2ME113;28606382;47;0;6
LU2ME113;28606486;62.5;0;6
LU2ME113;28606866;73.1;0;6
LU2ME113;28608495;46.2;0;6
LU2ME113;28608911;83.1;0;6
LU2ME113;28609478;0;0;6
LU2ME113;28610425;62.4;0;6
LU2ME113;28611398;95.3;0;6
LU2ME113;28612660;40.1;0;6
LU2ME113;28612983;51.8;0;6
LU2ME113;28614638;43.7;43.7;6
LU2ME113;28614739;73.7;73.7;6
LU2ME113;28618339;0;0;6
LU2ME113;28628537;64;0;6
LU2ME113;28631007;78.4;0;6
LU2ME113;28631179;77.1;0;6
LU2ME113;28631326;68.2;0;6
LU2ME113;28631358;76.8;0;6
LU2ME113;28632274;64.4;0;6
LU2ME113;28633037;30.2;0;6
LU2ME113;28633286;53.6;0;6
LU2ME113;28633513;53.1;0;6
LU2ME113;28639222;58.3;0;6
LU2ME113;28705069;73.7;0;6
LU2ME113;28705556;83.2;0;6
LU2ME113;28705636;0;0;6
LU2ME113;28705702;79.9;0;6
LU2ME113;28705892;70.1;0;6
LU2ME113;28705934;50;0;6
LU2ME113;28706022;71.1;0;6
LU2ME113;28706029;72.1;0;6
LU2ME113;28706084;66.3;0;6
LU2ME113;28706118;59.7;0;6
LU2ME113;28706288;61.1;0;6
LU2ME113;28706324;66.4;0;6
LU2ME113;28706334;71.6;0;6
LU2ME113;28706353;59.5;0;6
LU2ME113;28706397;64.5;0;6
LU2ME113;28706408;59.9;0;6
LU2ME113;28706431;82.4;0;6
LU2ME113;28706510;73.9;0;6
LU2ME113;28706513;53.7;0;6
LU2ME113;28706855;0;0;6
LU2ME113;28706923;66.1;0;6
LU2ME113;28706993;65.7;0;6
LU2ME113;28707034;0;0;6
LU2ME113;28707250;62.6;0;6
LU2ME113;28707795;65;0;6
LU2ME113;28708098;65.7;0;6
LU2ME113;28708315;50;0;6
LU2ME113;28708550;60.7;0;6
LU2ME113;28708611;66.1;0;6
LU2ME113;28708677;53.1;0;6
LU2ME113;28709053;54.6;0;6
LU2ME113;28709516;76.7;0;6
LU2ME113;28710225;81.3;0;6
LU2ME113;28710623;65.9;0;6
LU2ME113;28711356;50.5;0;6
LU2ME113;28711438;51.7;0;6
LU2ME113;28711486;76.4;0;6
LU2ME113;28711957;71;0;6
LU2ME113;28712469;71.7;0;6
LU2ME113;28712643;66.7;0;6
LU2ME113;28712811;67.1;0;6
LU2ME113;28712863;50;0;6
LU2ME113;28712899;75.9;0;6
LU2ME113;28714514;61.3;0;6
LU2ME113;28715136;84;0;6
LU2ME113;28717679;65.8;0;6
LU2ME113;28719569;0;0;6
LU2ME113;28726856;68.5;0;6
LU2ME113;3800396;42.1;42.1;6
LU2ME113;3800423;64.5;0;6
LU2ME113;3802628;39.9;39.9;6
LU2ME113;3802958;60.3;0;6
LU2ME113;3803788;53.1;0;6
LU2ME113;3805128;47.7;57;6
LU2ME113;3811710;39.5;0;6
LU2ME112;21100963;78.5;0;6
LU2ME112;21100975;78.5;0;6
LU2ME112;21102791;54.5;0;6
LU2ME112;21108364;54.5;0;6
LU2ME112;21109967;78;0;6
LU2ME112;28602401;82;0;6
LU2ME112;28610792;75;0;6
LU2ME112;28705823;71.5;0;6
LU2ME112;28705892;82.5;0;6
LU2ME112;28706059;72.5;0;6
LU2ME112;28706094;66;0;6
LU2ME112;28706173;71;0;6
LU2ME112;28706305;82;0;6
LU2ME112;28706334;82.5;0;6
LU2ME112;28706440;75;0;6
LU2ME112;28707100;72;0;6
LU2ME112;28707941;70;0;6
LU2ME112;28708266;79.5;0;6
LU2ME112;28708579;70;0;6
LU2ME112;28709368;55.5;0;6
LU2ME112;28709867;54.5;0;6
LU2ME112;28710225;81;0;6
LU2ME112;28710261;73;0;6
LU2ME112;28710792;67.5;0;6
LU2ME112;28712526;70;0;6
LU2ME112;28714890;67;0;6
LU2ME112;3809529;0;0;6
LU2ME111;21100963;65;0;6
LU2ME111;21100975;65;0;6
LU2ME111;21102219;50;0;6
LU2ME111;21102791;65;0;6
LU2ME111;21108364;70;0;6
LU2ME111;21109967;50;0;6
LU2ME111;28602401;90;0;6
LU2ME111;28603116;50;0;6
LU2ME111;28610792;75;0;6
LU2ME111;28705823;75;0;6
LU2ME111;28705892;90;0;6
LU2ME111;28706059;75;0;6
LU2ME111;28706094;75;0;6
LU2ME111;28706173;90;0;6
LU2ME111;28706305;90;0;6
LU2ME111;28706334;90;0;6
LU2ME111;28706440;70;0;6
LU2ME111;28707100;75;0;6
LU2ME111;28707941;75;0;6
LU2ME111;28708266;70;0;6
LU2ME111;28708579;80;0;6
LU2ME111;28709368;90;0;6
LU2ME111;28709867;70;0;6
LU2ME111;28710225;65;0;6
LU2ME111;28710261;75;0;6
LU2ME111;28710792;65;0;6
LU2ME111;28712526;65;0;6
LU2ME111;28714890;70;0;6
LU2ME111;3809529;90;0;6
LU2ME110;21102444;67.63;0;6
LU2ME110;21109015;25.75;25.75;6
LU2ME110;21109810;58.94;0;6
LU2ME110;21113403;54.875;0;6
LU2ME110;21120260;14.75;54;6
LU2ME110;21137051;51.88;0;6
LU2ME110;28600200;56.13;0;6
LU2ME110;28602453;38.25;38.25;6
LU2ME110;28604017;57.47;0;6
LU2ME110;28604520;60.5;0;6
LU2ME110;28610064;28;50.5;6
LU2ME110;28620637;48.34;48.34;6
LU2ME110;28631007;67.375;0;6
LU2ME110;28631179;34.31;34.31;6
LU2ME110;28639222;51;0;6
LU2ME110;28705636;49.63;0;6
LU2ME110;28705934;1.5;1.5;6
LU2ME110;28706324;69.97;0;6
LU2ME110;28706334;75.84;0;6
LU2ME110;28706353;45.625;45.625;6
LU2ME110;28707034;67.81;0;6
LU2ME110;28707309;9;9;6
LU2ME110;28708550;65.5;0;6
LU2ME110;28708611;52.88;0;6
LU2ME110;28709053;50.25;0;6
LU2ME110;28710705;34.69;34.69;6
LU2ME110;28712643;60.66;0;6
LU2ME110;28717679;32.88;52.5;6
LU2ME110;3682674;0;0;6
LU2ME110;3700085;42.75;49;6
LU2ME110;3800396;43.53;58;6
LU2ME110;3800423;64.47;0;6
LU2ME110;3801891;54.66;0;6
LU2ME110;3803788;43.41;43.41;6
LU2ME110;3803863;46.75;46.75;6
LU2ME110;3805128;41.75;50;6
LU2ME110;3808679;47.03;50;6
LU2ME110;3811203;54.5;0;6
LU2ME109;21106194;65.5;0;6
LU2ME109;21108230;60.5;0;6
LU2ME109;28600584;64.5;0;6
LU2ME109;28603116;52.5;0;6
LU2ME109;28604720;58.5;0;6
LU2ME109;28604997;73;0;6
LU2ME109;28609478;25;25;6
LU2ME109;28610425;9.5;14;6
LU2ME109;28614638;37;47;6
LU2ME109;28628537;58.5;0;6
LU2ME109;28631326;39.5;39.5;6
LU2ME109;28631358;57.5;0;6
LU2ME109;28705069;60.5;0;6
LU2ME109;28705702;60.5;0;6
LU2ME109;28705892;75;0;6
LU2ME109;28706029;77;0;6
LU2ME109;28706288;54;0;6
LU2ME109;28706408;45.5;45.5;6
LU2ME109;28706431;57;0;6
LU2ME109;28706855;57;0;6
LU2ME109;28706923;50.5;0;6
LU2ME109;28706993;56.5;0;6
LU2ME109;28707795;47;0;6
LU2ME109;28708098;51.5;0;6
LU2ME109;28709866;52;0;6
LU2ME109;28711356;38.5;38.5;6
LU2ME109;28712469;57;0;6
LU2ME109;28712899;58.5;0;6
LU2ME109;28715136;45.5;45.5;6
LU2ME109;28719569;62.5;0;6
LU2ME109;3800240;17;17;6
LU2ME109;3801865;54.5;0;6
LU2ME109;3803850;94.85;0;6
LU2ME109;3804884;0;0;6
LU2ME108;21100712;70.5;0;6
LU2ME108;21100963;73.5;0;6
LU2ME108;21100975;75;0;6
LU2ME108;21105766;63.5;0;6
LU2ME108;21109852;60;0;6
LU2ME108;21109967;79.5;0;6
LU2ME108;21114032;86;0;6
LU2ME108;21117164;80.5;0;6
LU2ME108;28504397;43.5;43.5;6
LU2ME108;28602756;93;0;6
LU2ME108;28611398;86;0;6
LU2ME108;28614739;53;0;6
LU2ME108;28633037;33.5;46;6
LU2ME108;28633286;58.5;0;6
LU2ME108;28633513;52.5;0;6
LU2ME108;28706397;98.5;0;6
LU2ME108;28707250;76;0;6
LU2ME108;28708315;37;37;6
LU2ME108;28710225;76.5;0;6
LU2ME108;28711438;74;0;6
LU2ME108;28711486;74;0;6
LU2ME108;28711957;44;44;6
LU2ME108;28712811;64.5;0;6
LU2ME108;28726856;90;0;6
LU2ME106;21102219;7.35;7.35;6
LU2ME106;21113328;63.1;0;6
LU2ME106;21113352;28;28;6
LU2ME106;21113972;66.65;0;6
LU2ME106;21116370;56.23;0;6
LU2ME106;21137051;0;0;6
LU2ME106;28600642;34.5;34.5;6
LU2ME106;28602780;70.23;0;6
LU2ME106;28604566;67.15;0;6
LU2ME106;28606382;30.88;30.88;6
LU2ME106;28606486;45.9;0;6
LU2ME106;28606866;44.7;44.7;6
LU2ME106;28608495;45.38;45.38;6
LU2ME106;28608911;31.15;31.15;6
LU2ME106;28610524;14.53;14.53;6
LU2ME106;28618339;12.25;12.25;6
LU2ME106;28629158;67.95;0;6
LU2ME106;28632274;10.85;10.85;6
LU2ME106;28705556;30.2;0;6
LU2ME106;28706022;34.8;34.8;6
LU2ME106;28706084;53.5;0;6
LU2ME106;28706118;47.4;47.4;6
LU2ME106;28706133;47.05;0;6
LU2ME106;28706510;26.43;0;6
LU2ME106;28706513;79.3;0;6
LU2ME106;28708677;36.53;36.53;6
LU2ME106;28709516;58.4;0;6
LU2ME106;28710623;25.53;25.53;6
LU2ME106;28712863;48.98;0;6
LU2ME106;28714514;61.5;0;6
LU2ME106;28716263;62.5;0;6
LU2ME106;28716433;0;0;6
LU2ME106;3700105;0;0;6
LU2ME106;3800564;44.25;50;6
LU2ME106;3801919;43.55;43.55;6
LU2ME106;3802628;32.13;32.13;6
LU2ME106;3802958;50.68;0;6
LU2ME103;21100712;78.89;0;3
LU2ME103;21100963;53.33;0;3
LU2ME103;21100975;83.33;0;3
LU2ME103;21102219;0;0;3
LU2ME103;21102444;37.7;0;3
LU2ME103;21105766;68.7;0;3
LU2ME103;21106194;83.95;0;3
LU2ME103;21108230;50.45;0;3
LU2ME103;21109852;44.2;44.2;3
LU2ME103;21109967;100;0;3
LU2ME103;21113328;45;45;3
LU2ME103;21113352;22.4;22.4;3
LU2ME103;21113403;0;0;3
LU2ME103;21113972;37.45;50;3
LU2ME103;21114032;71.9;0;3
LU2ME103;21116370;70.35;0;3
LU2ME103;21117164;80;0;3
LU2ME103;21119936;0;0;3
LU2ME103;21120260;15.56;50;3
LU2ME103;21137051;0;0;3
LU2ME103;28504397;65;65;3
LU2ME103;28600200;43.45;56.45;3
LU2ME103;28600584;52.22;0;3
LU2ME103;28600642;33.89;33.89;3
LU2ME103;28602453;44.9;44.9;3
LU2ME103;28602756;80;0;3
LU2ME103;28602780;75.56;0;3
LU2ME103;28603116;85.56;0;3
LU2ME103;28604017;42.22;42.22;3
LU2ME103;28604520;41.45;41.45;3
LU2ME103;28604566;55.45;0;3
LU2ME103;28604720;81.11;0;3
LU2ME103;28604997;58.2;0;3
LU2ME103;28606382;21.67;21.67;3
LU2ME103;28606486;69.95;0;3
LU2ME103;28606866;57.78;57.78;3
LU2ME103;28608495;17.2;25.2;3
LU2ME103;28608911;28.89;28.89;3
LU2ME103;28609478;97.78;97.78;3
LU2ME103;28609908;0;0;3
LU2ME103;28610354;29.1;33.1;3
LU2ME103;28610425;23.33;37.78;3
LU2ME103;28610524;0;0;3
LU2ME103;28611398;100;0;3
LU2ME103;28614638;35.25;39.25;3
LU2ME103;28614739;33.45;33.45;3
LU2ME103;28618339;0;0;3
LU2ME103;28628537;56.2;0;3
LU2ME103;28631007;76.2;0;3
LU2ME103;28631179;0;0;3
LU2ME103;28631326;33.45;33.45;3
LU2ME103;28631358;46.7;0;3
LU2ME103;28632274;29.44;38.89;3
LU2ME103;28633037;50.45;50.45;3
LU2ME103;28633286;42.2;0;3
LU2ME103;28633513;65;0;3
LU2ME103;28639222;43.9;43.9;3
LU2ME103;28705069;65.56;0;3
LU2ME103;28705556;70.25;0;3
LU2ME103;28705636;39.95;61.95;3
LU2ME103;28705702;73.25;0;3
LU2ME103;28705892;98.89;0;3
LU2ME103;28705934;0;0;3
LU2ME103;28706022;67.95;67.95;3
LU2ME103;28706029;84.44;0;3
LU2ME103;28706084;66.67;0;3
LU2ME103;28706118;42.7;63.7;3
LU2ME103;28706133;77.78;0;3
LU2ME103;28706288;38.8;56.3;3
LU2ME103;28706324;51.2;0;3
LU2ME103;28706334;93.33;0;3
LU2ME103;28706353;0;0;3
LU2ME103;28706397;91.67;0;3
LU2ME103;28706408;63.33;63.33;3
LU2ME103;28706431;61.2;0;3
LU2ME103;28706510;92.7;0;3
LU2ME103;28706513;40;0;3
LU2ME103;28706855;57.78;0;3
LU2ME103;28706923;47.95;0;3
LU2ME103;28706993;56.2;0;3
LU2ME103;28707034;81.11;0;3
LU2ME103;28707250;82.22;0;3
LU2ME103;28707795;76.67;0;3
LU2ME103;28708098;57.7;0;3
LU2ME103;28708315;32.2;32.2;3
LU2ME103;28708550;82.78;0;3
LU2ME103;28708611;44.25;0;3
LU2ME103;28708677;32.78;42.22;3
LU2ME103;28709053;46.2;46.2;3
LU2ME103;28709516;82.45;0;3
LU2ME103;28709866;55;0;3
LU2ME103;28710225;96.67;0;3
LU2ME103;28710623;43.2;43.2;3
LU2ME103;28711356;25.95;30.95;3
LU2ME103;28711438;88.89;0;3
LU2ME103;28711486;57.45;79.95;3
LU2ME103;28711957;60.2;60.2;3
LU2ME103;28712469;46.2;46.2;3
LU2ME103;28712643;98.33;0;3
LU2ME103;28712811;88.33;0;3
LU2ME103;28712863;23.6;30.6;3
LU2ME103;28712899;98.89;0;3
LU2ME103;28714514;88.89;0;3
LU2ME103;28715136;55.15;55.15;3
LU2ME103;28716263;55.56;0;3
LU2ME103;28716433;0;0;3
LU2ME103;28717679;32.78;36.67;3
LU2ME103;28719569;72.22;0;3
LU2ME103;28726856;100;0;3
LU2ME103;3682674;0;0;3
LU2ME103;3700085;55.75;55.75;3
LU2ME103;3700105;0;0;3
LU2ME103;3800182;41.11;0;3
LU2ME103;3800240;8.89;8.89;3
LU2ME103;3800358;36.11;54.44;3
LU2ME103;3800397;29.7;50;3
LU2ME103;3800423;51.35;0;3
LU2ME103;3800564;34.9;34.9;3
LU2ME103;3801891;22.95;38.95;3
LU2ME103;3801919;14.95;19.95;3
LU2ME103;3802628;35.2;35.2;3
LU2ME103;3802958;43.95;50;3
LU2ME103;3803788;55.95;55.95;3
LU2ME103;3803863;70;70;3
LU2ME103;3804884;0;0;3
LU2ME103;3805128;66.67;66.67;3
LU2ME103;3811710;27.15;0;3
LU2ME102;21103791;48;51;3
LU2ME102;21109495;89;0;3
LU2ME102;21109826;69;0;3
LU2ME102;21109909;36;0;3
LU2ME102;21113433;47.5;83.5;3
LU2ME102;21113836;51;0;3
LU2ME102;21116766;57;0;3
LU2ME102;21117197;57.5;0;3
LU2ME102;21124545;0;0;3
LU2ME102;28600695;9;9;3
LU2ME102;28600919;27;50;3
LU2ME102;28602435;35.5;70.5;3
LU2ME102;28604500;51;0;3
LU2ME102;28605513;0;0;3
LU2ME102;28606317;50;0;3
LU2ME102;28607500;55.5;0;3
LU2ME102;28608521;0;0;3
LU2ME102;28608673;25;42;3
LU2ME102;28608978;0;0;3
LU2ME102;28609437;11.5;28.5;3
LU2ME102;28610519;23.5;28.5;3
LU2ME102;28610609;40.5;61.5;3
LU2ME102;28615892;13;35;3
LU2ME102;28624453;15;40;3
LU2ME102;28705083;3.5;3.5;3
LU2ME102;28705886;22;55;3
LU2ME102;28706234;50;0;3
LU2ME102;28706249;73;0;3
LU2ME102;28706348;57;0;3
LU2ME102;28706599;37;0;3
LU2ME102;28706765;38;0;3
LU2ME102;28706774;36.5;36.5;3
LU2ME102;28706827;60;0;3
LU2ME102;28707101;67.5;0;3
LU2ME102;28707135;44;0;3
LU2ME102;28707825;78;0;3
LU2ME102;28708406;58;0;3
LU2ME102;28708680;14.5;35.5;3
LU2ME102;28710524;0;0;3
LU2ME102;28710752;16.5;30.5;3
LU2ME102;28711123;41.5;50.5;3
LU2ME102;28711472;42;0;3
LU2ME102;28711566;62;0;3
LU2ME102;28712006;69;0;3
LU2ME102;28712300;57.5;0;3
LU2ME102;28712301;40.5;69.5;3
LU2ME102;28712415;35.5;53.5;3
LU2ME102;28712510;35.5;48.5;3
LU2ME102;28712900;0;22;3
LU2ME102;28713925;50;0;3
LU2ME102;28714685;55.5;0;3
LU2ME102;28715846;34.5;44.5;3
LU2ME102;28716087;0;0;3
LU2ME102;28716947;0;0;3
LU2ME102;28717298;0;0;3
LU2ME102;28717821;4;4;3
LU2ME102;28718425;28.5;28.5;3
LU2ME102;28725535;34.5;56.5;3
LU2ME102;28732980;48;66;3
LU2ME102;3266444;0;0;3
LU2ME102;3679936;57.5;0;3
LU2ME102;3800074;0;22;3
LU2ME102;3800418;54;0;3
LU2ME102;3800507;0;0;3
LU2ME102;3800783;23;48;3
LU2ME102;3804419;0;0;3
LU2ME102;3810718;0;0;3
LU2ME102;8511141;12;12;3
LU2ME006;21100712;87.5;0;6
LU2ME006;21100963;56.5;0;6
LU2ME006;21100975;46;60;6
LU2ME006;21102219;62.5;62.5;6
LU2ME006;21102444;54.5;0;6
LU2ME006;21102791;58.5;0;6
LU2ME006;21103791;47.5;56;6
LU2ME006;21105766;75.5;0;6
LU2ME006;21106194;73;0;6
LU2ME006;21106813;94;0;6
LU2ME006;21108230;53.2;0;6
LU2ME006;21108364;70.5;0;6
LU2ME006;21109852;71.5;0;6
LU2ME006;21109909;33;51;6
LU2ME006;21109967;71.5;0;6
LU2ME006;21113328;60.5;0;6
LU2ME006;21113352;3;38;6
LU2ME006;21113403;88.5;0;6
LU2ME006;21113972;62.7;0;6
LU2ME006;21114032;77;0;6
LU2ME006;21116370;73.6;0;6
LU2ME006;21117164;97.6;0;6
LU2ME006;21119936;8.5;8.5;6
LU2ME006;21120260;40;50;6
LU2ME006;28504397;66;0;6
LU2ME006;28600200;48.5;48.5;6
LU2ME006;28600584;47.5;0;6
LU2ME006;28600642;25.5;58;6
LU2ME006;28600695;13;13;6
LU2ME006;28600919;54;0;6
LU2ME006;28600983;16.5;16.5;6
LU2ME006;28601268;39;0;6
LU2ME006;28601812;64.25;0;6
LU2ME006;28602137;51.5;51.5;6
LU2ME006;28602401;48.5;68;6
LU2ME006;28602435;62.1;0;6
LU2ME006;28602453;54.25;54.25;6
LU2ME006;28602687;28;58;6
LU2ME006;28602756;88.8;0;6
LU2ME006;28602780;72.5;0;6
LU2ME006;28602962;73.5;0;6
LU2ME006;28603004;70.5;70.5;6
LU2ME006;28603116;66.5;0;6
LU2ME006;28603276;51;0;6
LU2ME006;28604017;62.5;0;6
LU2ME006;28604520;46.4;46.4;6
LU2ME006;28604562;0;0;6
LU2ME006;28604566;63.5;0;6
LU2ME006;28604720;65.5;0;6
LU2ME006;28604997;82;0;6
LU2ME006;28605086;50;0;6
LU2ME006;28605513;24;24;6
LU2ME006;28606382;52;52;6
LU2ME006;28606486;64;0;6
LU2ME006;28606866;40.5;0;6
LU2ME006;28607385;33.75;50;6
LU2ME006;28607500;70.7;0;6
LU2ME006;28607508;54.5;0;6
LU2ME006;28607799;50;50;6
LU2ME006;28607916;31;31;6
LU2ME006;28608495;23.5;23.5;6
LU2ME006;28608673;12.5;16;6
LU2ME006;28608911;14.5;14.5;6
LU2ME006;28609130;20;20;6
LU2ME006;28609437;20;50;6
LU2ME006;28609478;75.5;75.5;6
LU2ME006;28609631;14;14;6
LU2ME006;28610425;32;0;6
LU2ME006;28610519;41;41;6
LU2ME006;28610524;26.5;26.5;6
LU2ME006;28610609;33.5;44;6
LU2ME006;28610776;66.5;0;6
LU2ME006;28610792;59.6;0;6
LU2ME006;28611165;42.5;42.5;6
LU2ME006;28611398;74;0;6
LU2ME006;28612983;33;33;6
LU2ME006;28614638;26;38;6
LU2ME006;28614739;47;66;6
LU2ME006;28615892;24;26;6
LU2ME006;28618339;11;11;6
LU2ME006;28624453;24;40;6
LU2ME006;28628537;50;0;6
LU2ME006;28629158;53;0;6
LU2ME006;28631007;66;0;6
LU2ME006;28631179;53.5;0;6
LU2ME006;28631326;48.2;52;6
LU2ME006;28631358;60.7;0;6
LU2ME006;28631946;79;0;6
LU2ME006;28632274;55.5;55.5;6
LU2ME006;28632829;67.5;0;6
LU2ME006;28632912;64;0;6
LU2ME006;28633037;67;0;6
LU2ME006;28633286;64.8;0;6
LU2ME006;28633513;67.5;0;6
LU2ME006;28633548;24;30;6
LU2ME006;28634184;32;42;6
LU2ME006;28635007;63.5;0;6
LU2ME006;28639222;58;0;6
LU2ME006;28702216;72;0;6
LU2ME006;28705069;70.5;0;6
LU2ME006;28705155;85.5;0;6
LU2ME006;28705478;40.75;40.75;6
LU2ME006;28705556;32;0;6
LU2ME006;28705636;22.75;26;6
LU2ME006;28705702;63.75;0;6
LU2ME006;28705823;56.5;0;6
LU2ME006;28705838;90;0;6
LU2ME006;28705867;98;0;6
LU2ME006;28705886;44;44;6
LU2ME006;28705892;98.4;0;6
LU2ME006;28705922;90.4;0;6
LU2ME006;28705934;25.75;25.75;6
LU2ME006;28705955;63.5;0;6
LU2ME006;28705978;80.8;0;6
LU2ME006;28706022;47;0;6
LU2ME006;28706029;68.75;0;6
LU2ME006;28706059;57.5;0;6
LU2ME006;28706084;36;0;6
LU2ME006;28706094;52.5;52.5;6
LU2ME006;28706118;50;0;6
LU2ME006;28706133;62.5;0;6
LU2ME006;28706166;36.5;36.5;6
LU2ME006;28706173;70;0;6
LU2ME006;28706207;67;0;6
LU2ME006;28706234;70.3;0;6
LU2ME006;28706249;88.8;0;6
LU2ME006;28706288;53;0;6
LU2ME006;28706292;55;0;6
LU2ME006;28706305;47;47;6
LU2ME006;28706307;84;0;6
LU2ME006;28706324;68.1;0;6
LU2ME006;28706334;77.5;0;6
LU2ME006;28706348;60;0;6
LU2ME006;28706353;42.5;70;6
LU2ME006;28706375;39.5;56;6
LU2ME006;28706397;79.2;0;6
LU2ME006;28706398;69.75;69.75;6
LU2ME006;28706408;40;40;6
LU2ME006;28706424;66.27;0;6
LU2ME006;28706431;59;0;6
LU2ME006;28706440;45.5;45.5;6
LU2ME006;28706510;76.5;0;6
LU2ME006;28706513;47.5;0;6
LU2ME006;28706514;52.2;0;6
LU2ME006;28706599;58.5;0;6
LU2ME006;28706686;44;79;6
LU2ME006;28706765;53.5;0;6
LU2ME006;28706827;57;0;6
LU2ME006;28706855;62.7;0;6
LU2ME006;28706923;47.5;0;6
LU2ME006;28706993;77.5;0;6
LU2ME006;28707029;43;64;6
LU2ME006;28707034;61.5;0;6
LU2ME006;28707095;57;0;6
LU2ME006;28707100;57.75;0;6
LU2ME006;28707135;59.5;0;6
LU2ME006;28707161;39;0;6
LU2ME006;28707201;57.5;0;6
LU2ME006;28707250;79;0;6
LU2ME006;28707277;47.5;0;6
LU2ME006;28707352;94;0;6
LU2ME006;28707355;64;0;6
LU2ME006;28707408;64.5;0;6
LU2ME006;28707738;66.5;0;6
LU2ME006;28707795;60;0;6
LU2ME006;28707825;62.5;0;6
LU2ME006;28707941;80.2;0;6
LU2ME006;28708098;57.5;0;6
LU2ME006;28708266;32.5;56;6
LU2ME006;28708315;68;0;6
LU2ME006;28708338;61.75;0;6
LU2ME006;28708406;48.5;48.5;6
LU2ME006;28708550;62.5;0;6
LU2ME006;28708579;50;0;6
LU2ME006;28708611;58;0;6
LU2ME006;28708616;73.5;0;6
LU2ME006;28708677;56;56;6
LU2ME006;28709053;46.5;0;6
LU2ME006;28709277;34;44;6
LU2ME006;28709310;84;0;6
LU2ME006;28709368;56;0;6
LU2ME006;28709409;78.5;0;6
LU2ME006;28709516;80;0;6
LU2ME006;28709663;45.75;0;6
LU2ME006;28709733;73.4;0;6
LU2ME006;28709867;58;0;6
LU2ME006;28710179;55;0;6
LU2ME006;28710225;60;0;6
LU2ME006;28710226;65.5;0;6
LU2ME006;28710261;54.75;0;6
LU2ME006;28710377;60.5;0;6
LU2ME006;28710524;45.5;46;6
LU2ME006;28710623;42;0;6
LU2ME006;28710752;39.5;52;6
LU2ME006;28710792;40;40;6
LU2ME006;28711123;44.5;73;6
LU2ME006;28711350;74.5;74.5;6
LU2ME006;28711356;48.5;48.5;6
LU2ME006;28711412;59.75;0;6
LU2ME006;28711438;75;0;6
LU2ME006;28711472;65.5;0;6
LU2ME006;28711486;70;0;6
LU2ME006;28711566;68;0;6
LU2ME006;28711707;42;71;6
LU2ME006;28711756;59;0;6
LU2ME006;28711957;57.5;0;6
LU2ME006;28712006;77.5;0;6
LU2ME006;28712124;45.25;45.25;6
LU2ME006;28712415;45.5;45.5;6
LU2ME006;28712459;96.8;0;6
LU2ME006;28712460;78;0;6
LU2ME006;28712469;50.5;0;6
LU2ME006;28712526;58.5;0;6
LU2ME006;28712643;92;0;6
LU2ME006;28712747;72.5;0;6
LU2ME006;28712769;39.5;0;6
LU2ME006;28712811;66;0;6
LU2ME006;28712863;50;50;6
LU2ME006;28712899;73;0;6
LU2ME006;28712900;68;0;6
LU2ME006;28713121;63.5;0;6
LU2ME006;28713239;86.4;0;6
LU2ME006;28713409;88;0;6
LU2ME006;28713648;93.75;0;6
LU2ME006;28713819;50;0;6
LU2ME006;28713925;64.5;0;6
LU2ME006;28714490;41.75;54;6
LU2ME006;28714514;75;0;6
LU2ME006;28714685;54;0;6
LU2ME006;28714890;62;0;6
LU2ME006;28715136;65;0;6
LU2ME006;28715415;78;0;6
LU2ME006;28715453;51.5;0;6
LU2ME006;28715846;0;59;6
LU2ME006;28716087;0;0;6
LU2ME006;28716263;69.5;0;6
LU2ME006;28716401;4;4;6
LU2ME006;28716429;57.75;0;6
LU2ME006;28716812;51.5;0;6
LU2ME006;28716894;80;0;6
LU2ME006;28716947;0;0;6
LU2ME006;28717272;73.25;0;6
LU2ME006;28717298;53.5;0;6
LU2ME006;28717564;88;0;6
LU2ME006;28717628;87;0;6
LU2ME006;28717679;8;58;6
LU2ME006;28717821;3.5;3.5;6
LU2ME006;28718026;69;0;6
LU2ME006;28718425;50;0;6
LU2ME006;28718616;71.5;0;6
LU2ME006;28719569;59;0;6
LU2ME006;28725180;55.5;0;6
LU2ME006;28725535;61.1;0;6
LU2ME006;28726856;94;0;6
LU2ME006;28728443;45.5;75.5;6
LU2ME006;28728473;68;0;6
LU2ME006;28732980;46.1;46.1;6
LU2ME006;28736759;73;0;6
LU2ME006;3682674;0;0;6
LU2ME006;3700085;34;0;6
LU2ME006;3700105;10;10;6
LU2ME006;3700460;11;11;6
LU2ME006;3703287;0;0;6
LU2ME006;3800067;44.25;0;6
LU2ME006;3800074;44;0;6
LU2ME006;3800358;27;38;6
LU2ME006;3800396;44.5;44.5;6
LU2ME006;3800507;18.5;18.5;6
LU2ME006;3800564;33;33;6
LU2ME006;3800783;28.5;0;6
LU2ME006;3801715;27.3;27.3;6
LU2ME006;3801891;11;25.5;6
LU2ME006;3801919;39.5;39.5;6
LU2ME006;3802958;37;37;6
LU2ME006;3803788;30;32;6
LU2ME006;3803863;53.5;0;6
LU2ME006;3804419;2;2;6
LU2ME006;3804441;8;8;6
LU2ME006;3804884;12;12;6
LU2ME006;3805033;24;34;6
LU2ME006;3805128;24;60;6
LU2ME006;3807357;31.6;70;6
LU2ME006;3808557;54.5;0;6
LU2ME006;3809529;6;6;6
LU2ME005;21100712;65.77;0;6
LU2ME005;21100963;63.11;0;6
LU2ME005;21100975;80.29;80.29;6
LU2ME005;21102219;17;17;6
LU2ME005;21102444;38.58;0;6
LU2ME005;21105766;82.3;0;6
LU2ME005;21106194;64.99;0;6
LU2ME005;21106813;73.5;0;6
LU2ME005;21108230;59.69;0;6
LU2ME005;21109001;89.5;0;6
LU2ME005;21109495;85.25;0;6
LU2ME005;21109826;89;0;6
LU2ME005;21109852;44.82;0;6
LU2ME005;21109967;88.91;0;6
LU2ME005;21113328;47.46;0;6
LU2ME005;21113352;28.75;56.5;6
LU2ME005;21113403;23.4;0;6
LU2ME005;21113836;43.25;0;6
LU2ME005;21113972;35.75;0;6
LU2ME005;21114032;52.82;0;6
LU2ME005;21116370;59.9;0;6
LU2ME005;21116766;56;0;6
LU2ME005;21117164;67.85;0;6
LU2ME005;21117197;52.25;0;6
LU2ME005;21119936;19;19;6
LU2ME005;21120260;33.74;43.5;6
LU2ME005;21124146;17.25;17.25;6
LU2ME005;21124545;0;0;6
LU2ME005;28504397;56.15;0;6
LU2ME005;28600200;42.65;56;6
LU2ME005;28600584;53.97;0;6
LU2ME005;28600642;15.88;15.88;6
LU2ME005;28600983;24;30;6
LU2ME005;28601268;36;0;6
LU2ME005;28602106;0;0;6
LU2ME005;28602137;58.5;58.5;6
LU2ME005;28602453;29.1;29.1;6
LU2ME005;28602687;33.5;33.5;6
LU2ME005;28602756;74.24;0;6
LU2ME005;28602780;50;0;6
LU2ME005;28602962;68;0;6
LU2ME005;28603004;40.5;40.5;6
LU2ME005;28603116;59.94;0;6
LU2ME005;28603276;62.5;0;6
LU2ME005;28604017;57;0;6
LU2ME005;28604500;19.75;29;6
LU2ME005;28604520;56;56;6
LU2ME005;28604566;68.8;0;6
LU2ME005;28604720;61.4;0;6
LU2ME005;28604997;82.02;0;6
LU2ME005;28605081;16.5;16.5;6
LU2ME005;28605086;50.5;0;6
LU2ME005;28606382;23.38;23.38;6
LU2ME005;28606486;65.63;0;6
LU2ME005;28606866;46.21;0;6
LU2ME005;28607385;28;32.5;6
LU2ME005;28607508;56.5;0;6
LU2ME005;28607799;17.5;23.5;6
LU2ME005;28607916;39;39;6
LU2ME005;28608495;27.02;29;6
LU2ME005;28608521;0;0;6
LU2ME005;28608911;13.94;13.94;6
LU2ME005;28609130;29;29;6
LU2ME005;28609134;0;0;6
LU2ME005;28609478;0;0;6
LU2ME005;28609631;35.5;38;6
LU2ME005;28610425;41.83;0;6
LU2ME005;28610524;36.27;36.27;6
LU2ME005;28610776;66.5;0;6
LU2ME005;28611165;34;47;6
LU2ME005;28611398;88.5;0;6
LU2ME005;28614638;27.04;27.04;6
LU2ME005;28614739;60.25;60.25;6
LU2ME005;28617555;8.5;8.5;6
LU2ME005;28618339;27.5;27.5;6
LU2ME005;28620157;59.5;0;6
LU2ME005;28626268;33;51;6
LU2ME005;28628537;46.02;0;6
LU2ME005;28629158;58;0;6
LU2ME005;28631007;67.57;0;6
LU2ME005;28631179;40.21;0;6
LU2ME005;28631326;14.05;29;6
LU2ME005;28631358;43.8;0;6
LU2ME005;28631946;77.5;0;6
LU2ME005;28632274;53.04;53.04;6
LU2ME005;28632829;37;0;6
LU2ME005;28632912;77.5;0;6
LU2ME005;28633037;50.25;0;6
LU2ME005;28633286;56.04;0;6
LU2ME005;28633513;53.97;0;6
LU2ME005;28633548;77;77;6
LU2ME005;28635007;59.04;0;6
LU2ME005;28639222;36;0;6
LU2ME005;28702216;39.5;0;6
LU2ME005;2870365;87.75;0;6
LU2ME005;28705069;71.27;0;6
LU2ME005;28705083;21.5;0;6
LU2ME005;28705155;79.5;0;6
LU2ME005;28705478;63.5;63.5;6
LU2ME005;28705556;70.94;0;6
LU2ME005;28705636;50;50;6
LU2ME005;28705702;70.38;0;6
LU2ME005;28705838;95.5;0;6
LU2ME005;28705867;94;0;6
LU2ME005;28705892;85.85;0;6
LU2ME005;28705922;66;0;6
LU2ME005;28705934;23.94;23.94;6
LU2ME005;28705955;76.5;0;6
LU2ME005;28705978;57.5;0;6
LU2ME005;28706022;58.22;0;6
LU2ME005;28706029;72.54;0;6
LU2ME005;28706084;45.9;0;6
LU2ME005;28706118;57.5;0;6
LU2ME005;28706133;63.5;0;6
LU2ME005;28706207;74.5;0;6
LU2ME005;28706288;32.04;0;6
LU2ME005;28706307;72.5;0;6
LU2ME005;28706324;57.07;0;6
LU2ME005;28706334;86.97;0;6
LU2ME005;28706353;45;45;6
LU2ME005;28706375;40.5;40.5;6
LU2ME005;28706397;75.47;0;6
LU2ME005;28706398;59;59;6
LU2ME005;28706408;51.63;51.63;6
LU2ME005;28706431;68.57;0;6
LU2ME005;28706510;77.02;0;6
LU2ME005;28706513;44;0;6
LU2ME005;28706514;70;0;6
LU2ME005;28706686;57.5;57.5;6
LU2ME005;28706855;52;0;6
LU2ME005;28706923;71.07;0;6
LU2ME005;28706993;51;0;6
LU2ME005;28707034;28.5;0;6
LU2ME005;28707095;82.5;0;6
LU2ME005;28707161;48.5;0;6
LU2ME005;28707201;75.5;0;6
LU2ME005;28707250;61.47;0;6
LU2ME005;28707277;70.5;0;6
LU2ME005;28707355;40.5;0;6
LU2ME005;28707408;53.5;0;6
LU2ME005;28707738;61;0;6
LU2ME005;28707795;55.35;0;6
LU2ME005;28708098;31.69;0;6
LU2ME005;28708315;40.32;0;6
LU2ME005;28708338;18.5;0;6
LU2ME005;28708550;59.27;0;6
LU2ME005;28708611;52.69;0;6
LU2ME005;28708616;71;0;6
LU2ME005;28708677;32.44;34;6
LU2ME005;28709053;69.93;0;6
LU2ME005;28709277;35;35;6
LU2ME005;28709310;72.5;0;6
LU2ME005;28709409;70.5;0;6
LU2ME005;28709516;91.75;0;6
LU2ME005;28709663;46;0;6
LU2ME005;28710225;92.21;0;6
LU2ME005;28710377;87.5;0;6
LU2ME005;28710623;41.85;0;6
LU2ME005;28711350;99;99;6
LU2ME005;28711356;25.24;25.24;6
LU2ME005;28711412;55;0;6
LU2ME005;28711438;84;0;6
LU2ME005;28711486;60.07;0;6
LU2ME005;28711707;35;35;6
LU2ME005;28711957;58.25;0;6
LU2ME005;28712124;26;26;6
LU2ME005;28712127;36.32;0;6
LU2ME005;28712459;81.5;0;6
LU2ME005;28712460;74;0;6
LU2ME005;28712469;40.04;0;6
LU2ME005;28712643;74.29;0;6
LU2ME005;28712747;58;0;6
LU2ME005;28712769;56.5;0;6
LU2ME005;28712811;78.86;0;6
LU2ME005;28712863;33.55;44.5;6
LU2ME005;28712899;63.58;0;6
LU2ME005;28713121;73;0;6
LU2ME005;28713239;74.5;0;6
LU2ME005;28713409;89.5;0;6
LU2ME005;28713648;72.5;0;6
LU2ME005;28713819;45;0;6
LU2ME005;28714490;50;50;6
LU2ME005;28714514;73.15;0;6
LU2ME005;28715136;57.02;0;6
LU2ME005;28715415;63.5;0;6
LU2ME005;28716263;41;0;6
LU2ME005;28716429;47.5;0;6
LU2ME005;28716812;23;0;6
LU2ME005;28716894;56;0;6
LU2ME005;28717272;70;0;6
LU2ME005;28717564;68;0;6
LU2ME005;28717628;80;0;6
LU2ME005;28717679;32.5;39;6
LU2ME005;28718026;82;0;6
LU2ME005;28718616;50;0;6
LU2ME005;28719569;66.5;0;6
LU2ME005;28725180;47.5;0;6
LU2ME005;28726856;74.97;0;6
LU2ME005;28728443;36.5;36.5;6
LU2ME005;28728473;66.5;0;6
LU2ME005;28736759;65;0;6
LU2ME005;3152828;0;0;6
LU2ME005;3266444;8.25;8.25;6
LU2ME005;3360633;4;4;6
LU2ME005;3520390;0;0;6
LU2ME005;3679936;20.75;24.5;6
LU2ME005;3700105;7.93;7.93;6
LU2ME005;3700460;0;0;6
LU2ME005;3800067;32.5;0;6
LU2ME005;3800182;28.55;0;6
LU2ME005;3800240;5.38;5.38;6
LU2ME005;3800358;28.77;28.77;6
LU2ME005;3800396;56.85;56.85;6
LU2ME005;3800418;25;25;6
LU2ME005;3800423;77.41;0;6
LU2ME005;3800564;12.32;25.5;6
LU2ME005;3801715;14.5;23;6
LU2ME005;3801891;41.9;41.9;6
LU2ME005;3801919;29.61;38;6
LU2ME005;3802628;30.69;30.69;6
LU2ME005;3802958;33.47;41;6
LU2ME005;3803788;27.24;27.24;6
LU2ME005;3803863;54.94;0;6
LU2ME005;3804441;31.5;31.5;6
LU2ME005;3805033;25;25;6
LU2ME005;3805128;63.66;63.66;6
LU2ME005;3807357;50.5;50.5;6
LU2ME005;3808557;24.5;0;6
LU2ME005;3810718;4.5;4.5;6
LU2ME005;8511141;0;0;6
LU2ME004;21100712;58.62;0;6
LU2ME004;21100963;51.52;51.52;6
LU2ME004;21100975;68.26;68.26;6
LU2ME004;21102219;9.28;9.28;6
LU2ME004;21102444;58.42;0;6
LU2ME004;21102791;30.37;50.1;6
LU2ME004;21103791;59.46;0;6
LU2ME004;21105766;56.29;56.29;6
LU2ME004;21106194;54.08;0;6
LU2ME004;21106813;74.11;0;6
LU2ME004;21108230;51.53;0;6
LU2ME004;21108364;50.42;0;6
LU2ME004;21109495;70.5;0;6
LU2ME004;21109826;80.75;0;6
LU2ME004;21109852;44.58;44.58;6
LU2ME004;21109909;56.54;0;6
LU2ME004;21109967;57.81;0;6
LU2ME004;21113328;44.64;56.33;6
LU2ME004;21113352;32.45;34.69;6
LU2ME004;21113403;54.74;0;6
LU2ME004;21113433;35.56;35.94;6
LU2ME004;21113836;62.5;0;6
LU2ME004;21113972;53.41;53.97;6
LU2ME004;21114032;64.45;0;6
LU2ME004;21116370;71.23;0;6
LU2ME004;21116766;76.5;0;6
LU2ME004;21117164;57.71;0;6
LU2ME004;21117197;63;0;6
LU2ME004;21119936;6.88;6.88;6
LU2ME004;21120260;34.94;36.26;6
LU2ME004;21124545;0;0;6
LU2ME004;21137051;34.89;34.89;6
LU2ME004;28504397;43.38;43.38;6
LU2ME004;28600200;38.41;38.41;6
LU2ME004;28600528;0;11.25;6
LU2ME004;28600584;39.91;46.57;6
LU2ME004;28600642;25.39;25.39;6
LU2ME004;28600695;9.38;9.38;6
LU2ME004;28600919;33.81;33.81;6
LU2ME004;28600983;26.23;26.23;6
LU2ME004;28601268;8.13;8.13;6
LU2ME004;28601399;28.97;0;6
LU2ME004;28601812;53.77;0;6
LU2ME004;28602106;29.75;29.75;6
LU2ME004;28602137;41.98;41.98;6
LU2ME004;28602401;54.9;0;6
LU2ME004;28602435;47.4;47.4;6
LU2ME004;28602453;25.92;25.92;6
LU2ME004;28602687;19.78;19.78;6
LU2ME004;28602696;39.04;39.04;6
LU2ME004;28602756;69.24;0;6
LU2ME004;28602780;60.93;0;6
LU2ME004;28602962;63.16;0;6
LU2ME004;28603004;69.31;0;6
LU2ME004;28603116;60.19;60.19;6
LU2ME004;28603276;34.58;36.26;6
LU2ME004;28603777;26.81;26.81;6
LU2ME004;28604017;36.26;57.19;6
LU2ME004;28604500;32;37.51;6
LU2ME004;28604520;31.7;31.7;6
LU2ME004;28604562;0;0;6
LU2ME004;28604566;40.68;0;6
LU2ME004;28604720;57.31;0;6
LU2ME004;28604997;47.96;0;6
LU2ME004;28605081;10.17;10.17;6
LU2ME004;28605086;61.97;61.97;6
LU2ME004;28605513;10.97;10.97;6
LU2ME004;28606317;69.73;0;6
LU2ME004;28606382;35.74;35.74;6
LU2ME004;28606486;55.8;0;6
LU2ME004;28606866;44.55;44.55;6
LU2ME004;28607385;41.45;41.45;6
LU2ME004;28607500;56.73;0;6
LU2ME004;28607508;33.43;0;6
LU2ME004;28607799;50;50;6
LU2ME004;28607916;11.9;11.9;6
LU2ME004;28608495;30.32;35;6
LU2ME004;28608521;0;0;6
LU2ME004;28608673;20.86;20.86;6
LU2ME004;28608911;24.78;24.78;6
LU2ME004;28608978;23.3;23.3;6
LU2ME004;28609130;14.75;14.75;6
LU2ME004;28609437;20.99;25;6
LU2ME004;28609478;27.03;27.03;6
LU2ME004;28609631;25.91;25.91;6
LU2ME004;28609908;0;0;6
LU2ME004;28610064;30.25;33.76;6
LU2ME004;28610354;38.33;38.33;6
LU2ME004;28610425;31.48;31.48;6
LU2ME004;28610519;21.5;21.5;6
LU2ME004;28610524;14.7;14.7;6
LU2ME004;28610609;30.67;40.63;6
LU2ME004;28610776;43.13;43.13;6
LU2ME004;28610792;47.26;50.94;6
LU2ME004;28611165;45.15;45.15;6
LU2ME004;28611398;64.8;64.8;6
LU2ME004;28612660;0;0;6
LU2ME004;28612983;0;0;6
LU2ME004;28614638;21.55;36.25;6
LU2ME004;28614739;31.95;41.7;6
LU2ME004;28615892;29.66;29.66;6
LU2ME004;28618339;14.39;14.39;6
LU2ME004;28620637;30.1;30.1;6
LU2ME004;28624453;30.25;34.38;6
LU2ME004;28626268;54.31;54.31;6
LU2ME004;28628537;44.25;0;6
LU2ME004;28629158;34.75;0;6
LU2ME004;28631007;67.26;0;6
LU2ME004;28631179;0;0;6
LU2ME004;28631326;20.4;20.4;6
LU2ME004;28631358;44.43;0;6
LU2ME004;28631946;51.7;0;6
LU2ME004;28632274;0;17.81;6
LU2ME004;28632829;53.93;53.93;6
LU2ME004;28632912;61.37;0;6
LU2ME004;28633037;33.34;33.34;6
LU2ME004;28633286;62.15;0;6
LU2ME004;28633513;50;0;6
LU2ME004;28633548;31.32;48.13;6
LU2ME004;28635007;52.53;0;6
LU2ME004;28639222;50;50;6
LU2ME004;28702216;31.59;0;6
LU2ME004;28705069;64.82;0;6
LU2ME004;28705083;12;22.5;6
LU2ME004;28705317;30.22;0;6
LU2ME004;28705478;24.68;25.31;6
LU2ME004;28705556;54.84;0;6
LU2ME004;28705636;30.78;30.78;6
LU2ME004;28705702;56.43;0;6
LU2ME004;28705823;63.76;63.76;6
LU2ME004;28705838;69.56;0;6
LU2ME004;28705867;84.78;0;6
LU2ME004;28705886;29.12;29.12;6
LU2ME004;28705892;72.03;0;6
LU2ME004;28705922;57.12;0;6
LU2ME004;28705934;0;0;6
LU2ME004;28705955;71.63;0;6
LU2ME004;28705978;54.81;0;6
LU2ME004;28706022;43.23;43.23;6
LU2ME004;28706029;63.97;0;6
LU2ME004;28706059;58.18;0;6
LU2ME004;28706084;53.57;0;6
LU2ME004;28706094;40.62;40.62;6
LU2ME004;28706118;48.24;50;6
LU2ME004;28706133;50.65;0;6
LU2ME004;28706166;45.36;50;6
LU2ME004;28706173;57.46;0;6
LU2ME004;28706207;58.48;0;6
LU2ME004;28706234;42.67;42.67;6
LU2ME004;28706249;66.72;0;6
LU2ME004;28706288;53.09;53.09;6
LU2ME004;28706292;46.07;46.88;6
LU2ME004;28706305;42.09;42.09;6
LU2ME004;28706307;61.08;0;6
LU2ME004;28706324;61.57;0;6
LU2ME004;28706334;74.11;0;6
LU2ME004;28706348;56.67;0;6
LU2ME004;28706353;21.22;21.22;6
LU2ME004;28706375;50;0;6
LU2ME004;28706397;81.5;0;6
LU2ME004;28706398;51.25;0;6
LU2ME004;28706408;40.87;40.87;6
LU2ME004;28706424;47.76;47.76;6
LU2ME004;28706431;47.11;0;6
LU2ME004;28706440;43.82;43.82;6
LU2ME004;28706510;57.13;0;6
LU2ME004;28706513;36.03;0;6
LU2ME004;28706514;53.65;0;6
LU2ME004;28706599;55.86;0;6
LU2ME004;28706686;44.98;44.98;6
LU2ME004;28706765;50.73;0;6
LU2ME004;28706774;50;0;6
LU2ME004;28706827;63;0;6
LU2ME004;28706855;53.14;0;6
LU2ME004;28706923;47.78;0;6
LU2ME004;28706993;51.47;0;6
LU2ME004;28707029;53.43;53.43;6
LU2ME004;28707034;63.31;0;6
LU2ME004;28707095;50;0;6
LU2ME004;28707100;50.61;50.61;6
LU2ME004;28707101;65.25;0;6
LU2ME004;28707135;51.45;0;6
LU2ME004;28707161;18.62;24.06;6
LU2ME004;28707201;64.67;0;6
LU2ME004;28707250;48.22;0;6
LU2ME004;28707277;46.74;0;6
LU2ME004;28707309;0;0;6
LU2ME004;28707352;69.55;0;6
LU2ME004;28707355;60.99;0;6
LU2ME004;28707408;44.66;45.94;6
LU2ME004;28707738;50.78;50.78;6
LU2ME004;28707795;44.12;0;6
LU2ME004;28707825;59.11;0;6
LU2ME004;28707941;66.04;0;6
LU2ME004;28708098;34.59;46.88;6
LU2ME004;28708266;52.61;52.61;6
LU2ME004;28708315;46.93;46.93;6
LU2ME004;28708338;60.83;0;6
LU2ME004;28708406;28.71;29.01;6
LU2ME004;28708550;55.22;55.22;6
LU2ME004;28708579;42.84;0;6
LU2ME004;28708611;48.78;0;6
LU2ME004;28708616;64.98;0;6
LU2ME004;28708677;48.48;48.48;6
LU2ME004;28708680;25.86;35.01;6
LU2ME004;28709053;51.45;51.45;6
LU2ME004;28709277;40.72;40.72;6
LU2ME004;28709310;62.34;0;6
LU2ME004;28709368;52.16;0;6
LU2ME004;28709409;64.23;0;6
LU2ME004;28709516;62.75;0;6
LU2ME004;28709663;38.74;38.74;6
LU2ME004;28709733;60.65;0;6
LU2ME004;28709866;29.43;40.94;6
LU2ME004;28709867;58.92;0;6
LU2ME004;28710179;46.89;46.89;6
LU2ME004;28710225;52.8;0;6
LU2ME004;28710226;54.2;0;6
LU2ME004;28710261;45.39;45.39;6
LU2ME004;28710377;9.7;9.7;6
LU2ME004;28710524;19.36;19.36;6
LU2ME004;28710623;21.86;30.62;6
LU2ME004;28710705;0;0;6
LU2ME004;28710752;23.66;23.66;6
LU2ME004;28710792;26.36;39.06;6
LU2ME004;28711123;36.96;41.88;6
LU2ME004;28711350;66.65;74.4;6
LU2ME004;28711356;29.95;31.88;6
LU2ME004;28711412;42.41;42.41;6
LU2ME004;28711438;63.47;0;6
LU2ME004;28711472;59.54;0;6
LU2ME004;28711486;63.75;0;6
LU2ME004;28711566;54.6;0;6
LU2ME004;28711707;44.63;44.63;6
LU2ME004;28711756;39.48;39.48;6
LU2ME004;28711957;39.69;39.69;6
LU2ME004;28712006;67.88;0;6
LU2ME004;28712124;27.93;27.93;6
LU2ME004;28712127;35.67;35.67;6
LU2ME004;28712300;57.99;0;6
LU2ME004;28712301;50;0;6
LU2ME004;28712415;51.32;0;6
LU2ME004;28712459;59.82;0;6
LU2ME004;28712460;63.79;0;6
LU2ME004;28712469;43.67;43.67;6
LU2ME004;28712510;50;0;6
LU2ME004;28712526;54.8;54.8;6
LU2ME004;28712643;68.13;0;6
LU2ME004;28712747;62.93;0;6
LU2ME004;28712769;41.26;0;6
LU2ME004;28712811;38.3;0;6
LU2ME004;28712863;33.06;33.06;6
LU2ME004;28712899;55.12;0;6
LU2ME004;28712900;0;17.81;6
LU2ME004;28713121;76.17;0;6
LU2ME004;28713239;74.56;0;6
LU2ME004;28713409;80.54;0;6
LU2ME004;28713648;61.52;0;6
LU2ME004;28713819;47.62;47.62;6
LU2ME004;28713925;61.86;0;6
LU2ME004;28714490;38.89;38.89;6
LU2ME004;28714514;62.2;0;6
LU2ME004;28714685;44.58;44.58;6
LU2ME004;28714890;58.14;58.14;6
LU2ME004;28715136;38.95;38.95;6
LU2ME004;28715415;38.75;0;6
LU2ME004;28715453;48.57;48.57;6
LU2ME004;28715846;44.04;44.04;6
LU2ME004;28716087;0;0;6
LU2ME004;28716263;48.84;0;6
LU2ME004;28716429;29.95;0;6
LU2ME004;28716433;0;0;6
LU2ME004;28716812;27.75;27.75;6
LU2ME004;28716894;69.96;0;6
LU2ME004;28716947;0;0;6
LU2ME004;28717272;61.27;0;6
LU2ME004;28717298;17.09;17.09;6
LU2ME004;28717564;56.08;0;6
LU2ME004;28717628;78.05;0;6
LU2ME004;28717679;33.67;33.67;6
LU2ME004;28717821;14.69;14.69;6
LU2ME004;28718026;62.54;0;6
LU2ME004;28718425;46.62;46.62;6
LU2ME004;28718616;62.07;62.07;6
LU2ME004;28719569;62.79;0;6
LU2ME004;28725180;45.92;52.82;6
LU2ME004;28725535;0;0;6
LU2ME004;28726856;82.24;0;6
LU2ME004;28728443;61.13;61.13;6
LU2ME004;28728473;72.68;0;6
LU2ME004;28732980;50;0;6
LU2ME004;28736759;46.82;0;6
LU2ME004;3266444;0;4.69;6
LU2ME004;3603953;0;0;6
LU2ME004;3679936;10;33.24;6
LU2ME004;3682674;0;0;6
LU2ME004;3700085;23.93;35.56;6
LU2ME004;3700105;0;0;6
LU2ME004;3700460;0;0;6
LU2ME004;3700478;45.22;45.22;6
LU2ME004;3800067;21.07;0;6
LU2ME004;3800074;53.12;0;6
LU2ME004;3800182;42.37;0;6
LU2ME004;3800240;27.54;27.54;6
LU2ME004;3800358;27.59;29.37;6
LU2ME004;3800396;30.28;30.63;6
LU2ME004;3800397;36.69;36.69;6
LU2ME004;3800418;14;37.01;6
LU2ME004;3800423;48.38;48.38;6
LU2ME004;3800507;0;0;6
LU2ME004;3800564;46.89;46.89;6
LU2ME004;3800783;24.12;24.12;6
LU2ME004;3801623;44.08;54.69;6
LU2ME004;3801715;23.15;29.07;6
LU2ME004;3801865;41.59;41.59;6
LU2ME004;3801891;24.66;27.5;6
LU2ME004;3802628;36.33;37.45;6
LU2ME004;3802958;34.93;35.63;6
LU2ME004;3803788;0;0;6
LU2ME004;3803863;24.24;36.56;6
LU2ME004;3803977;48.5;0;6
LU2ME004;3804340;27.73;27.73;6
LU2ME004;3804419;0;0;6
LU2ME004;3804441;0;0;6
LU2ME004;3804884;0;5.63;6
LU2ME004;3805033;27.75;27.75;6
LU2ME004;3805128;28.55;28.55;6
LU2ME004;3807357;45.8;50;6
LU2ME004;3808557;25.82;0;6
LU2ME004;3808679;33.39;33.39;6
LU2ME004;3809529;0;0;6
LU2ME004;3810718;0;6.56;6
LU2ME004;3811203;45.64;45.64;6
LU2ME004;8511141;22;22;6
LU2ME003;21100712;68.5;0;6
LU2ME003;21100963;30;50;6
LU2ME003;21100975;40.65;67;6
LU2ME003;21102219;3;3;6
LU2ME003;21102444;36.65;0;6
LU2ME003;21102791;46.5;46.5;6
LU2ME003;21105766;48.4;68;6
LU2ME003;21106194;58.9;0;6
LU2ME003;21106813;70.5;0;6
LU2ME003;21108230;57.4;0;6
LU2ME003;21108364;73.7;0;6
LU2ME003;21109852;39.5;78.5;6
LU2ME003;21109967;69;0;6
LU2ME003;21113328;53;53;6
LU2ME003;21113352;19.75;50;6
LU2ME003;21113403;72.75;0;6
LU2ME003;21113972;36.5;39.25;6
LU2ME003;21114032;84.75;0;6
LU2ME003;21116370;62.35;0;6
LU2ME003;21117164;69;0;6
LU2ME003;21119936;0;0;6
LU2ME003;21120260;17.5;36.5;6
LU2ME003;21137051;0;0;6
LU2ME003;28504397;26;48;6
LU2ME003;28600200;19.5;39.5;6
LU2ME003;28600528;0;14;6
LU2ME003;28600584;46.4;52.25;6
LU2ME003;28600642;26;26;6
LU2ME003;28600983;4.75;4.75;6
LU2ME003;28601268;0;0;6
LU2ME003;28601399;30.75;0;6
LU2ME003;28601812;45;0;6
LU2ME003;28602137;20.5;46;6
LU2ME003;28602401;50.4;0;6
LU2ME003;28602453;7.75;7.75;6
LU2ME003;28602687;0.5;0.5;6
LU2ME003;28602756;81.75;0;6
LU2ME003;28602780;61;0;6
LU2ME003;28602962;71.9;0;6
LU2ME003;28603004;66.15;0;6
LU2ME003;28603116;37.9;51.5;6
LU2ME003;28603276;18.5;43.5;6
LU2ME003;28603777;18.75;18.75;6
LU2ME003;28604017;43.65;43.65;6
LU2ME003;28604520;18.2;18.2;6
LU2ME003;28604562;0;0;6
LU2ME003;28604566;27;0;6
LU2ME003;28604720;50;0;6
LU2ME003;28604997;69.9;0;6
LU2ME003;28605081;2.5;2.5;6
LU2ME003;28605086;52.25;52.25;6
LU2ME003;28606382;10.65;35.5;6
LU2ME003;28606486;50;0;6
LU2ME003;28606866;20.55;47.5;6
LU2ME003;28607385;39.5;62.5;6
LU2ME003;28607799;21.65;68;6
LU2ME003;28607916;2.5;2.5;6
LU2ME003;28608495;10.4;21;6
LU2ME003;28608911;11.4;11.4;6
LU2ME003;28609130;2;2;6
LU2ME003;28609478;35.75;35.75;6
LU2ME003;28609631;13.75;13.75;6
LU2ME003;28609908;0;0;6
LU2ME003;28610064;19.5;45;6
LU2ME003;28610354;33.15;47.5;6
LU2ME003;28610425;17.75;17.75;6
LU2ME003;28610524;4;4;6
LU2ME003;28610776;58.25;58.25;6
LU2ME003;28610792;56.15;56.15;6
LU2ME003;28611165;23.25;43;6
LU2ME003;28611398;13.25;26;6
LU2ME003;28612660;5.5;5.5;6
LU2ME003;28612983;0;0;6
LU2ME003;28614638;22.65;30;6
LU2ME003;28614739;36;36;6
LU2ME003;28618339;12.5;12.5;6
LU2ME003;28620157;55.5;0;6
LU2ME003;28620637;10.05;22;6
LU2ME003;28626268;50.25;50.25;6
LU2ME003;28628537;50;0;6
LU2ME003;28629158;53.9;0;6
LU2ME003;28631007;65.1;0;6
LU2ME003;28631179;0.75;0.75;6
LU2ME003;28631326;6.5;6.5;6
LU2ME003;28631358;39.75;0;6
LU2ME003;28631946;65.25;0;6
LU2ME003;28632274;3;51.5;6
LU2ME003;28632829;48.45;64;6
LU2ME003;28632912;68;0;6
LU2ME003;28633037;28.25;73;6
LU2ME003;28633286;45.35;0;6
LU2ME003;28633513;51.45;0;6
LU2ME003;28633548;25.25;54;6
LU2ME003;28635007;35.5;0;6
LU2ME003;28639222;35.75;74.5;6
LU2ME003;28702216;54.15;0;6
LU2ME003;28705069;59.25;0;6
LU2ME003;28705478;29.7;46.5;6
LU2ME003;28705556;22.5;0;6
LU2ME003;28705636;12.4;27.5;6
LU2ME003;28705702;62.25;0;6
LU2ME003;28705823;35.75;61.5;6
LU2ME003;28705838;86.25;0;6
LU2ME003;28705867;100;0;6
LU2ME003;28705892;78.15;0;6
LU2ME003;28705922;76;0;6
LU2ME003;28705934;0;0;6
LU2ME003;28705955;69.25;0;6
LU2ME003;28705978;65;0;6
LU2ME003;28706022;24;24;6
LU2ME003;28706029;50;0;6
LU2ME003;28706059;56.75;0;6
LU2ME003;28706084;23.5;0;6
LU2ME003;28706094;63.6;63.6;6
LU2ME003;28706118;39;52.5;6
LU2ME003;28706133;52;0;6
LU2ME003;28706166;47.85;47.85;6
LU2ME003;28706173;57.65;0;6
LU2ME003;28706207;55.5;0;6
LU2ME003;28706288;27.85;53;6
LU2ME003;28706292;57.95;57.95;6
LU2ME003;28706305;31.25;31.25;6
LU2ME003;28706307;66.15;0;6
LU2ME003;28706324;40.5;0;6
LU2ME003;28706334;76.5;0;6
LU2ME003;28706353;45.1;61;6
LU2ME003;28706375;50;0;6
LU2ME003;28706397;80.4;0;6
LU2ME003;28706398;50;0;6
LU2ME003;28706408;29.15;29.15;6
LU2ME003;28706424;42.25;42.25;6
LU2ME003;28706431;56.15;0;6
LU2ME003;28706440;34.15;38.5;6
LU2ME003;28706510;60.9;0;6
LU2ME003;28706513;42.65;0;6
LU2ME003;28706514;33;0;6
LU2ME003;28706686;16.65;54.5;6
LU2ME003;28706855;39.9;0;6
LU2ME003;28706923;54.5;0;6
LU2ME003;28706993;70.75;0;6
LU2ME003;28707029;36.25;66.5;6
LU2ME003;28707034;59.15;0;6
LU2ME003;28707095;56.25;0;6
LU2ME003;28707100;47;47;6
LU2ME003;28707161;0;22;6
LU2ME003;28707201;54.75;0;6
LU2ME003;28707250;51.1;0;6
LU2ME003;28707277;40.5;0;6
LU2ME003;28707309;0;0;6
LU2ME003;28707352;84.45;0;6
LU2ME003;28707355;62.4;0;6
LU2ME003;28707408;37.5;37.5;6
LU2ME003;28707738;46.5;51;6
LU2ME003;28707795;35.4;0;6
LU2ME003;28707941;75.5;0;6
LU2ME003;28708098;40.45;50;6
LU2ME003;28708266;43;57;6
LU2ME003;28708315;29.1;62.5;6
LU2ME003;28708338;62.5;0;6
LU2ME003;28708550;24.75;70.5;6
LU2ME003;28708579;38.25;39;6
LU2ME003;28708611;51;0;6
LU2ME003;28708616;58.25;0;6
LU2ME003;28708677;45.25;59.5;6
LU2ME003;28709053;26.25;64;6
LU2ME003;28709277;35.5;35.5;6
LU2ME003;28709310;89.95;0;6
LU2ME003;28709368;60.5;0;6
LU2ME003;28709409;59.75;0;6
LU2ME003;28709516;73.25;0;6
LU2ME003;28709663;18.25;18.25;6
LU2ME003;28709733;52.25;0;6
LU2ME003;28709866;16.25;68;6
LU2ME003;28709867;60.5;0;6
LU2ME003;28710179;33;33;6
LU2ME003;28710225;53.9;0;6
LU2ME003;28710226;59.9;0;6
LU2ME003;28710261;39.75;52.5;6
LU2ME003;28710377;0;0;6
LU2ME003;28710623;1;8.5;6
LU2ME003;28710705;4.25;4.25;6
LU2ME003;28710792;19;23.5;6
LU2ME003;28711350;12.5;78.5;6
LU2ME003;28711356;21.5;55.5;6
LU2ME003;28711412;52.95;52.95;6
LU2ME003;28711438;72.75;0;6
LU2ME003;28711486;66.25;0;6
LU2ME003;28711707;33.75;45;6
LU2ME003;28711756;50;50;6
LU2ME003;28711957;24.5;31;6
LU2ME003;28712124;13;38;6
LU2ME003;28712127;19.4;36.5;6
LU2ME003;28712459;83;0;6
LU2ME003;28712460;77.5;0;6
LU2ME003;28712469;24.75;59.5;6
LU2ME003;28712526;47.9;55;6
LU2ME003;28712643;74.5;0;6
LU2ME003;28712747;65.5;0;6
LU2ME003;28712769;25.25;0;6
LU2ME003;28712811;53.5;0;6
LU2ME003;28712863;19.4;35;6
LU2ME003;28712899;67.75;0;6
LU2ME003;28713121;85.5;0;6
LU2ME003;28713239;89;0;6
LU2ME003;28713409;79.25;0;6
LU2ME003;28713648;60.75;0;6
LU2ME003;28713819;43.4;59.5;6
LU2ME003;28714490;16.75;30.5;6
LU2ME003;28714514;61.65;0;6
LU2ME003;28714890;47.25;72;6
LU2ME003;28715136;21.15;52;6
LU2ME003;28715415;68.25;0;6
LU2ME003;28715453;44.9;44.9;6
LU2ME003;28716263;33.6;0;6
LU2ME003;28716429;35.25;0;6
LU2ME003;28716433;0;0;6
LU2ME003;28716812;10.5;10.5;6
LU2ME003;28716894;76.65;0;6
LU2ME003;28717272;69.25;0;6
LU2ME003;28717564;77.9;0;6
LU2ME003;28717628;69.75;0;6
LU2ME003;28717679;4.75;16.5;6
LU2ME003;28718026;78.4;0;6
LU2ME003;28718616;61.25;61.25;6
LU2ME003;28719569;55.25;0;6
LU2ME003;28725180;47.75;57.5;6
LU2ME003;28726856;86.25;0;6
LU2ME003;28728443;56;56;6
LU2ME003;28728473;63.65;0;6
LU2ME003;28736759;60.7;0;6
LU2ME003;3682674;0;0;6
LU2ME003;3700085;19.75;19.75;6
LU2ME003;3700105;0;0;6
LU2ME003;3700460;0;0;6
LU2ME003;3700478;34.5;51.5;6
LU2ME003;3800067;6;0;6
LU2ME003;3800182;55.65;0;6
LU2ME003;3800240;2;2;6
LU2ME003;3800358;16.4;37.5;6
LU2ME003;3800396;16.5;30.5;6
LU2ME003;3800397;27;41;6
LU2ME003;3800423;25.15;70.5;6
LU2ME003;3800564;21.65;32.5;6
LU2ME003;3801623;44.95;44.95;6
LU2ME003;3801715;15.9;37;6
LU2ME003;3801865;40.95;48.5;6
LU2ME003;3801891;5.4;43.5;6
LU2ME003;3801919;19.45;27.5;6
LU2ME003;3802628;16.4;31.5;6
LU2ME003;3802958;17.75;39.5;6
LU2ME003;3803788;10.5;24.5;6
LU2ME003;3803863;21.9;21.9;6
LU2ME003;3803977;45.5;0;6
LU2ME003;3804340;14.75;14.75;6
LU2ME003;3804441;6;6;6
LU2ME003;3804884;4;4;6
LU2ME003;3805033;59.75;59.75;6
LU2ME003;3805128;37.5;44.75;6
LU2ME003;3807357;22.75;46;6
LU2ME003;3808557;14.75;0;6
LU2ME003;3808679;12.15;28.5;6
LU2ME003;3809529;0;0;6
LU2ME003;3811203;22.9;51.5;6
LU2ME002;21100712;66;0;6
LU2ME002;21100963;62;62;6
LU2ME002;21100975;63.5;63.5;6
LU2ME002;21102219;14.5;46;6
LU2ME002;21102444;59;0;6
LU2ME002;21105766;76.5;76.5;6
LU2ME002;21106194;63.5;0;6
LU2ME002;21106813;88.75;0;6
LU2ME002;21108230;52;0;6
LU2ME002;21109852;48.5;48.5;6
LU2ME002;21109967;62;0;6
LU2ME002;21113328;57;57;6
LU2ME002;21113352;18;18;6
LU2ME002;21113403;67;0;6
LU2ME002;21113972;65.5;65.5;6
LU2ME002;21114032;62;0;6
LU2ME002;21116370;86.5;0;6
LU2ME002;21117164;82;0;6
LU2ME002;21119936;0;0;6
LU2ME002;21120260;35;36.5;6
LU2ME002;21137051;32;32;6
LU2ME002;28504397;36;36;6
LU2ME002;28600200;43.5;48.5;6
LU2ME002;28600528;34;34;6
LU2ME002;28600584;26;58.5;6
LU2ME002;28600642;30;30;6
LU2ME002;28600983;14.5;14.5;6
LU2ME002;28601268;6;6;6
LU2ME002;28601812;66.5;0;6
LU2ME002;28602137;39.5;39.5;6
LU2ME002;28602453;33;33;6
LU2ME002;28602687;21;21;6
LU2ME002;28602756;55.5;0;6
LU2ME002;28602780;65.5;0;6
LU2ME002;28602962;73.5;0;6
LU2ME002;28603004;81;0;6
LU2ME002;28603116;56.5;56.5;6
LU2ME002;28603276;54;54;6
LU2ME002;28603597;56.25;0;6
LU2ME002;28603777;30;30;6
LU2ME002;28604017;32;34;6
LU2ME002;28604520;26.5;26.5;6
LU2ME002;28604566;51.5;0;6
LU2ME002;28604720;44.5;0;6
LU2ME002;28604997;59;0;6
LU2ME002;28605081;7.5;7.5;6
LU2ME002;28605086;47;53.5;6
LU2ME002;28606382;35.5;40.5;6
LU2ME002;28606486;53;0;6
LU2ME002;28606866;39.5;41;6
LU2ME002;28607385;38.5;38.5;6
LU2ME002;28607799;36;43.5;6
LU2ME002;28607916;17;17;6
LU2ME002;28608495;25.25;27.75;6
LU2ME002;28608546;53.5;0;6
LU2ME002;28608911;22.5;22.5;6
LU2ME002;28609130;30.5;30.5;6
LU2ME002;28609478;40;40;6
LU2ME002;28609631;34;34;6
LU2ME002;28609908;0;0;6
LU2ME002;28610064;19;39;6
LU2ME002;28610354;33;40.5;6
LU2ME002;28610425;44.5;47;6
LU2ME002;28610524;11;11;6
LU2ME002;28610776;61;61;6
LU2ME002;28611165;50.5;50.5;6
LU2ME002;28611398;59;59;6
LU2ME002;28614638;39;39;6
LU2ME002;28614739;33.5;33.5;6
LU2ME002;28618339;20.5;20.5;6
LU2ME002;28618475;41.25;0;6
LU2ME002;28620157;62.5;0;6
LU2ME002;28620637;21;30;6
LU2ME002;28626268;36.5;64.5;6
LU2ME002;28628537;44.25;0;6
LU2ME002;28628647;56;0;6
LU2ME002;28629158;62;0;6
LU2ME002;28631007;60;0;6
LU2ME002;28631179;0;0;6
LU2ME002;28631326;19.5;19.5;6
LU2ME002;28631358;37;0;6
LU2ME002;28631946;81.75;0;6
LU2ME002;28632274;29.5;31;6
LU2ME002;28632829;46;52.5;6
LU2ME002;28632912;64.5;0;6
LU2ME002;28633037;0;25.5;6
LU2ME002;28633286;44;0;6
LU2ME002;28633513;56;0;6
LU2ME002;28633548;55;55;6
LU2ME002;28634904;58.5;0;6
LU2ME002;28635007;62;0;6
LU2ME002;28639222;46;46.5;6
LU2ME002;28702216;43.5;43.5;6
LU2ME002;28705069;83;0;6
LU2ME002;28705295;47.5;57;6
LU2ME002;28705299;63;0;6
LU2ME002;28705334;68.5;0;6
LU2ME002;28705375;63.25;0;6
LU2ME002;28705379;47;0;6
LU2ME002;28705384;64;0;6
LU2ME002;28705389;52;0;6
LU2ME002;28705393;29;29;6
LU2ME002;28705413;55;0;6
LU2ME002;28705424;74.5;0;6
LU2ME002;28705473;42;0;6
LU2ME002;28705478;43;43;6
LU2ME002;28705521;54.5;0;6
LU2ME002;28705536;45.5;50;6
LU2ME002;28705550;62.5;0;6
LU2ME002;28705556;44;0;6
LU2ME002;28705557;67.5;0;6
LU2ME002;28705560;59.75;0;6
LU2ME002;28705585;71.5;0;6
LU2ME002;28705595;0;0;6
LU2ME002;28705606;46.5;0;6
LU2ME002;28705630;59.5;0;6
LU2ME002;28705636;27.5;27.5;6
LU2ME002;28705655;79;0;6
LU2ME002;28705694;48;0;6
LU2ME002;28705702;56;0;6
LU2ME002;28705749;57.5;0;6
LU2ME002;28705761;37.5;37.5;6
LU2ME002;28705778;42.5;0;6
LU2ME002;28705829;55.5;0;6
LU2ME002;28705838;81;0;6
LU2ME002;28705851;58.5;0;6
LU2ME002;28705867;95.5;0;6
LU2ME002;28705892;78.5;0;6
LU2ME002;28705910;75;0;6
LU2ME002;28705922;77.5;0;6
LU2ME002;28705934;0;0;6
LU2ME002;28705952;45;0;6
LU2ME002;28705955;61;0;6
LU2ME002;28705969;55;0;6
LU2ME002;28705978;85.25;0;6
LU2ME002;28705996;70;0;6
LU2ME002;28706022;56.25;56.25;6
LU2ME002;28706029;47;0;6
LU2ME002;28706037;61.5;0;6
LU2ME002;28706084;50;0;6
LU2ME002;28706118;41.5;41.5;6
LU2ME002;28706133;59;0;6
LU2ME002;28706178;63.75;0;6
LU2ME002;28706207;70;0;6
LU2ME002;28706228;53;0;6
LU2ME002;28706267;52.5;0;6
LU2ME002;28706288;28.5;38.5;6
LU2ME002;28706289;62;0;6
LU2ME002;28706297;57;0;6
LU2ME002;28706307;74.5;0;6
LU2ME002;28706324;61.25;0;6
LU2ME002;28706334;64.5;0;6
LU2ME002;28706353;11;11;6
LU2ME002;28706372;55.5;0;6
LU2ME002;28706375;54.5;0;6
LU2ME002;28706377;80.25;0;6
LU2ME002;28706396;53.5;0;6
LU2ME002;28706397;86.5;0;6
LU2ME002;28706398;50;0;6
LU2ME002;28706408;26;26;6
LU2ME002;28706429;45.5;0;6
LU2ME002;28706431;53.5;0;6
LU2ME002;28706449;37;39;6
LU2ME002;28706484;53;0;6
LU2ME002;28706493;62;0;6
LU2ME002;28706502;52;0;6
LU2ME002;28706510;53.5;0;6
LU2ME002;28706513;53.5;0;6
LU2ME002;28706514;55.5;0;6
LU2ME002;28706611;39.5;50;6
LU2ME002;28706671;73.75;0;6
LU2ME002;28706680;68;0;6
LU2ME002;28706686;52.5;52.5;6
LU2ME002;28706696;46.5;0;6
LU2ME002;28706759;48.5;51.5;6
LU2ME002;28706855;45.5;0;6
LU2ME002;28706870;39.5;52;6
LU2ME002;28706891;36;56;6
LU2ME002;28706899;64;0;6
LU2ME002;28706923;65.25;0;6
LU2ME002;28706972;58.5;0;6
LU2ME002;28706993;64;0;6
LU2ME002;28707004;45;50;6
LU2ME002;28707031;54;0;6
LU2ME002;28707034;55;0;6
LU2ME002;28707095;57.5;0;6
LU2ME002;28707161;0;0;6
LU2ME002;28707172;57.5;0;6
LU2ME002;28707190;50.25;0;6
LU2ME002;28707201;64;0;6
LU2ME002;28707241;91.25;0;6
LU2ME002;28707244;62;0;6
LU2ME002;28707249;57.5;0;6
LU2ME002;28707250;74;0;6
LU2ME002;28707277;54;0;6
LU2ME002;28707309;0;0;6
LU2ME002;28707323;64;0;6
LU2ME002;28707355;59;0;6
LU2ME002;28707408;59.5;59.5;6
LU2ME002;28707442;50;0;6
LU2ME002;28707484;34.5;43.5;6
LU2ME002;28707533;50;0;6
LU2ME002;28707566;53.5;0;6
LU2ME002;28707601;50;0;6
LU2ME002;28707606;58.5;0;6
LU2ME002;28707674;43;43;6
LU2ME002;28707691;47;47;6
LU2ME002;28707720;53;0;6
LU2ME002;28707738;66.5;66.5;6
LU2ME002;28707761;39.5;48;6
LU2ME002;28707795;66;0;6
LU2ME002;28707876;60;0;6
LU2ME002;28707879;55;0;6
LU2ME002;28707916;35.5;0;6
LU2ME002;28707938;64.5;0;6
LU2ME002;28708057;86.5;0;6
LU2ME002;28708098;53.5;53.5;6
LU2ME002;28708144;48;48;6
LU2ME002;28708174;43;43;6
LU2ME002;28708227;61;0;6
LU2ME002;28708281;72.5;0;6
LU2ME002;28708301;54.5;0;6
LU2ME002;28708312;61;0;6
LU2ME002;28708315;47;50;6
LU2ME002;28708338;50.5;0;6
LU2ME002;28708550;53.5;53.5;6
LU2ME002;28708583;45;0;6
LU2ME002;28708611;45.5;0;6
LU2ME002;28708616;67;0;6
LU2ME002;28708677;50.5;50.5;6
LU2ME002;28708700;62.25;0;6
LU2ME002;28708721;62;0;6
LU2ME002;28708753;50;0;6
LU2ME002;28708764;44.5;44.5;6
LU2ME002;28708837;45;0;6
LU2ME002;28708857;51.5;0;6
LU2ME002;28709020;52.25;0;6
LU2ME002;28709053;47;47;6
LU2ME002;28709077;66;0;6
LU2ME002;28709159;34;34;6
LU2ME002;28709174;59;0;6
LU2ME002;28709277;36;46;6
LU2ME002;28709310;88.5;0;6
LU2ME002;28709390;24.5;24.5;6
LU2ME002;28709409;68;0;6
LU2ME002;28709477;59.5;0;6
LU2ME002;28709516;70;0;6
LU2ME002;28709663;29.5;29.5;6
LU2ME002;28709866;59.5;59.5;6
LU2ME002;28709874;61;0;6
LU2ME002;28710041;67;0;6
LU2ME002;28710209;48;0;6
LU2ME002;28710225;70;0;6
LU2ME002;28710377;8;8;6
LU2ME002;28710623;25.75;44.75;6
LU2ME002;28710632;50;0;6
LU2ME002;28710705;0;0;6
LU2ME002;28710964;67;0;6
LU2ME002;28711110;47;0;6
LU2ME002;28711350;71.5;71.5;6
LU2ME002;28711356;33.5;40;6
LU2ME002;28711409;50.5;0;6
LU2ME002;28711412;62;62;6
LU2ME002;28711438;78.5;0;6
LU2ME002;28711486;78;0;6
LU2ME002;28711707;53;53;6
LU2ME002;28711957;18.5;31.5;6
LU2ME002;28711958;57;0;6
LU2ME002;28711972;54;0;6
LU2ME002;28711985;52.5;0;6
LU2ME002;28712085;53;0;6
LU2ME002;28712124;39.5;48.5;6
LU2ME002;28712200;42.5;0;6
LU2ME002;28712213;50;0;6
LU2ME002;28712227;36;55.5;6
LU2ME002;28712255;39.25;44.25;6
LU2ME002;28712266;50;0;6
LU2ME002;28712284;54.25;0;6
LU2ME002;28712375;44;0;6
LU2ME002;28712392;40;53;6
LU2ME002;28712459;79;0;6
LU2ME002;28712460;65.5;0;6
LU2ME002;28712469;37;37;6
LU2ME002;28712529;43.5;43.5;6
LU2ME002;28712602;32.5;33.5;6
LU2ME002;28712643;71.5;0;6
LU2ME002;28712747;86.5;0;6
LU2ME002;28712769;45;0;6
LU2ME002;28712811;70.5;0;6
LU2ME002;28712863;31.25;31.25;6
LU2ME002;28712899;72;0;6
LU2ME002;28713121;79;0;6
LU2ME002;28713239;73;0;6
LU2ME002;28713409;90.5;0;6
LU2ME002;28713567;40.5;40.5;6
LU2ME002;28713648;77;0;6
LU2ME002;28713819;57;57;6
LU2ME002;28714072;55;0;6
LU2ME002;28714490;29;36;6
LU2ME002;28714514;73;0;6
LU2ME002;28715136;16;39.5;6
LU2ME002;28715415;68;0;6
LU2ME002;28716263;54;0;6
LU2ME002;28716429;50.5;0;6
LU2ME002;28716433;0;0;6
LU2ME002;28716812;32;32;6
LU2ME002;28716894;76.5;0;6
LU2ME002;28717272;74;0;6
LU2ME002;28717564;84;0;6
LU2ME002;28717628;79.5;0;6
LU2ME002;28717679;29;36;6
LU2ME002;28718026;67;0;6
LU2ME002;28718616;48.5;58;6
LU2ME002;28719569;73.5;0;6
LU2ME002;28725180;51;51;6
LU2ME002;28726856;76.5;0;6
LU2ME002;28728443;36;36;6
LU2ME002;28728473;56;0;6
LU2ME002;28736759;57.5;0;6
LU2ME002;28737088;48;0;6
LU2ME002;3682674;0;0;6
LU2ME002;3700085;24.5;25;6
LU2ME002;3700105;0;0;6
LU2ME002;3700460;0;0;6
LU2ME002;3700478;53.5;53.5;6
LU2ME002;3800067;44.25;0;6
LU2ME002;3800240;29;29;6
LU2ME002;3800358;28.75;41.25;6
LU2ME002;3800396;23;23;6
LU2ME002;3800397;30.25;32.75;6
LU2ME002;3800423;47.25;47.25;6
LU2ME002;3800564;42;47;6
LU2ME002;3801623;55.5;55.5;6
LU2ME002;3801715;24.5;24.5;6
LU2ME002;3801865;51;51;6
LU2ME002;3801891;28;33.5;6
LU2ME002;3801919;39.5;44;6
LU2ME002;3802628;40.5;40.5;6
LU2ME002;3802958;34.5;34.5;6
LU2ME002;3803788;26;26;6
LU2ME002;3803863;34;37.5;6
LU2ME002;3803977;58.5;0;6
LU2ME002;3804340;19.75;19.75;6
LU2ME002;3804441;0;0;6
LU2ME002;3804884;6.5;6.5;6
LU2ME002;3805033;25.5;25.5;6
LU2ME002;3805128;35.5;35.5;6
LU2ME002;3807357;28.5;41;6
LU2ME002;3808557;34.5;0;6
LU2ME002;3808679;42.5;42.5;6
LU2ME002;3811203;24;30.5;6
LU2ME002;3811710;60.5;0;6
LU2ME001;21100326;19;19;6
LU2ME001;21100712;71;0;6
LU2ME001;21100963;64;0;6
LU2ME001;21100975;75;75;6
LU2ME001;21102219;52;52;6
LU2ME001;21102444;61;0;6
LU2ME001;21102791;52;0;6
LU2ME001;21103791;45;60.5;6
LU2ME001;21105766;72.5;0;6
LU2ME001;21106194;70;0;6
LU2ME001;21106813;84.5;0;6
LU2ME001;21108230;62.5;0;6
LU2ME001;21108364;77.5;0;6
LU2ME001;21109009;0;0;6
LU2ME001;21109495;66.5;0;6
LU2ME001;21109826;82;0;6
LU2ME001;21109852;57;0;6
LU2ME001;21109909;45;62.5;6
LU2ME001;21109967;76;0;6
LU2ME001;21113328;67;0;6
LU2ME001;21113352;0;39.5;6
LU2ME001;21113403;55;0;6
LU2ME001;21113836;52.5;0;6
LU2ME001;21113972;63;0;6
LU2ME001;21114032;61.5;0;6
LU2ME001;21116370;75;0;6
LU2ME001;21116766;42.5;0;6
LU2ME001;21117164;83.5;0;6
LU2ME001;21117197;48;0;6
LU2ME001;21119936;40;40;6
LU2ME001;21120260;54.5;54.5;6
LU2ME001;21124146;9;9;6
LU2ME001;21124545;0;0;6
LU2ME001;28504397;59;0;6
LU2ME001;28600200;29.5;41.5;6
LU2ME001;28600584;51.5;0;6
LU2ME001;28600642;55.5;55.5;6
LU2ME001;28600695;1.5;1.5;6
LU2ME001;28600919;52.5;0;6
LU2ME001;28600983;48.5;48.5;6
LU2ME001;28601268;49;0;6
LU2ME001;28601399;56.5;0;6
LU2ME001;28601812;76.5;0;6
LU2ME001;28602106;40;58.5;6
LU2ME001;28602137;44.5;50;6
LU2ME001;28602401;65;65;6
LU2ME001;28602435;61.5;0;6
LU2ME001;28602453;62;62;6
LU2ME001;28602687;43.5;85.5;6
LU2ME001;28602756;70.5;0;6
LU2ME001;28602780;60.5;0;6
LU2ME001;28602962;62;0;6
LU2ME001;28603004;76;76;6
LU2ME001;28603276;57;0;6
LU2ME001;28603597;64;0;6
LU2ME001;28604500;35.5;62.5;6
LU2ME001;28604520;46;46;6
LU2ME001;28604562;0;0;6
LU2ME001;28604566;74.5;0;6
LU2ME001;28604720;57.5;0;6
LU2ME001;28604997;70;0;6
LU2ME001;28605081;42.5;42.5;6
LU2ME001;28605086;65.5;0;6
LU2ME001;28605513;21.5;21.5;6
LU2ME001;28605724;34;34;6
LU2ME001;28606317;62.5;0;6
LU2ME001;28606382;60.5;60.5;6
LU2ME001;28606486;71.5;0;6
LU2ME001;28606866;57;0;6
LU2ME001;28607385;41;41;6
LU2ME001;28607500;75.5;0;6
LU2ME001;28607508;55.5;0;6
LU2ME001;28607799;44;94;6
LU2ME001;28607916;33;33;6
LU2ME001;28608495;33;33;6
LU2ME001;28608521;3;3;6
LU2ME001;28608546;71.5;0;6
LU2ME001;28608673;16;19;6
LU2ME001;28608911;24.5;24.5;6
LU2ME001;28608978;56.5;0;6
LU2ME001;28609130;35.5;46;6
LU2ME001;28609134;9;9;6
LU2ME001;28609437;25;25;6
LU2ME001;28609478;0;0;6
LU2ME001;28609514;60;0;6
LU2ME001;28609631;24;24;6
LU2ME001;28610425;68;0;6
LU2ME001;28610519;23.5;23.5;6
LU2ME001;28610524;27;27;6
LU2ME001;28610609;34;34;6
LU2ME001;28610776;62;0;6
LU2ME001;28610792;80;0;6
LU2ME001;28611165;43.5;46;6
LU2ME001;28611398;76.5;0;6
LU2ME001;28612983;39;39;6
LU2ME001;28614638;49.5;50;6
LU2ME001;28614739;63.5;63.5;6
LU2ME001;28615892;28.5;28.5;6
LU2ME001;28617555;10;10;6
LU2ME001;28618339;31;31;6
LU2ME001;28618475;59;0;6
LU2ME001;28620157;63.5;0;6
LU2ME001;28624453;32;32;6
LU2ME001;28626268;61.5;61.5;6
LU2ME001;28628537;53;0;6
LU2ME001;28628647;67;0;6
LU2ME001;28629158;61.5;0;6
LU2ME001;28631007;72;0;6
LU2ME001;28631179;59.5;0;6
LU2ME001;28631326;55.5;55.5;6
LU2ME001;28631358;73;0;6
LU2ME001;28631946;77.5;0;6
LU2ME001;28632274;35.5;35.5;6
LU2ME001;28632829;54.5;0;6
LU2ME001;28632912;62.5;0;6
LU2ME001;28633037;55.5;0;6
LU2ME001;28633286;59;0;6
LU2ME001;28633513;62.5;0;6
LU2ME001;28633548;48;81.5;6
LU2ME001;28634184;20.5;20.5;6
LU2ME001;28634904;66.5;0;6
LU2ME001;28635007;69;0;6
LU2ME001;28639222;53;0;6
LU2ME001;28702216;59;0;6
LU2ME001;28705069;72;0;6
LU2ME001;28705083;52.5;0;6
LU2ME001;28705155;76;0;6
LU2ME001;28705295;49.5;49.5;6
LU2ME001;28705299;44.5;0;6
LU2ME001;28705334;79;0;6
LU2ME001;28705375;57;0;6
LU2ME001;28705379;89.5;0;6
LU2ME001;28705384;70;0;6
LU2ME001;28705389;58;0;6
LU2ME001;28705393;33;33;6
LU2ME001;28705413;53.5;0;6
LU2ME001;28705424;69.5;0;6
LU2ME001;28705473;60.5;0;6
LU2ME001;28705478;44.5;44.5;6
LU2ME001;28705521;56;0;6
LU2ME001;28705536;55;0;6
LU2ME001;28705550;59.5;0;6
LU2ME001;28705556;56;0;6
LU2ME001;28705557;82;0;6
LU2ME001;28705560;76;0;6
LU2ME001;28705585;62.5;0;6
LU2ME001;28705595;29;29;6
LU2ME001;28705606;64.5;0;6
LU2ME001;28705630;70.5;0;6
LU2ME001;28705636;37.5;37.5;6
LU2ME001;28705655;63;0;6
LU2ME001;28705694;61.5;0;6
LU2ME001;28705702;76.5;0;6
LU2ME001;28705749;56;0;6
LU2ME001;28705761;41.5;44;6
LU2ME001;28705778;59;0;6
LU2ME001;28705823;50;0;6
LU2ME001;28705829;64.5;0;6
LU2ME001;28705838;88.5;0;6
LU2ME001;28705851;58.5;0;6
LU2ME001;28705867;97.5;0;6
LU2ME001;28705886;53.5;0;6
LU2ME001;28705892;81;0;6
LU2ME001;28705910;65.5;0;6
LU2ME001;28705922;87.5;0;6
LU2ME001;28705934;27;27;6
LU2ME001;28705952;74;0;6
LU2ME001;28705955;74.5;0;6
LU2ME001;28705969;59;0;6
LU2ME001;28705978;69.5;0;6
LU2ME001;28705996;65;0;6
LU2ME001;28706022;49;0;6
LU2ME001;28706029;65.5;0;6
LU2ME001;28706037;74.5;0;6
LU2ME001;28706059;60.5;0;6
LU2ME001;28706084;52;0;6
LU2ME001;28706094;46.5;46.5;6
LU2ME001;28706118;40;0;6
LU2ME001;28706133;81;0;6
LU2ME001;28706166;63;63;6
LU2ME001;28706173;68.5;0;6
LU2ME001;28706178;61;0;6
LU2ME001;28706207;69;0;6
LU2ME001;28706228;62.5;0;6
LU2ME001;28706234;66.5;0;6
LU2ME001;28706249;86;0;6
LU2ME001;28706267;66.5;0;6
LU2ME001;28706288;59;0;6
LU2ME001;28706289;64;0;6
LU2ME001;28706292;72;0;6
LU2ME001;28706297;48;0;6
LU2ME001;28706305;52.5;52.5;6
LU2ME001;28706307;71.5;0;6
LU2ME001;28706324;67;0;6
LU2ME001;28706334;93.5;0;6
LU2ME001;28706348;55;0;6
LU2ME001;28706353;38;44;6
LU2ME001;28706372;56.5;0;6
LU2ME001;28706375;64.5;64.5;6
LU2ME001;28706377;90;0;6
LU2ME001;28706396;76;0;6
LU2ME001;28706397;85.5;0;6
LU2ME001;28706398;42;73;6
LU2ME001;28706408;54.5;54.5;6
LU2ME001;28706424;71;0;6
LU2ME001;28706429;60;0;6
LU2ME001;28706431;77;0;6
LU2ME001;28706440;33;54;6
LU2ME001;28706449;55.5;0;6
LU2ME001;28706484;38;73;6
LU2ME001;28706493;70.5;0;6
LU2ME001;28706502;75.5;0;6
LU2ME001;28706510;69;0;6
LU2ME001;28706513;50;0;6
LU2ME001;28706514;50;0;6
LU2ME001;28706599;56;0;6
LU2ME001;28706611;48.5;0;6
LU2ME001;28706671;72;0;6
LU2ME001;28706680;61.5;0;6
LU2ME001;28706686;47;81.5;6
LU2ME001;28706696;67.5;0;6
LU2ME001;28706759;41;41;6
LU2ME001;28706765;60;0;6
LU2ME001;28706774;50.5;0;6
LU2ME001;28706827;57.5;0;6
LU2ME001;28706855;70;0;6
LU2ME001;28706870;44;44;6
LU2ME001;28706891;40;40;6
LU2ME001;28706899;65.5;0;6
LU2ME001;28706923;75;0;6
LU2ME001;28706972;69;0;6
LU2ME001;28706993;71.5;0;6
LU2ME001;28707004;62;0;6
LU2ME001;28707029;51;51;6
LU2ME001;28707031;45;46;6
LU2ME001;28707034;58;0;6
LU2ME001;28707095;65.5;0;6
LU2ME001;28707100;55;0;6
LU2ME001;28707101;67;0;6
LU2ME001;28707135;57.5;0;6
LU2ME001;28707161;38.5;0;6
LU2ME001;28707172;74;0;6
LU2ME001;28707190;72;0;6
LU2ME001;28707201;58;0;6
LU2ME001;28707241;85.5;0;6
LU2ME001;28707244;77;0;6
LU2ME001;28707249;64.5;0;6
LU2ME001;28707250;63;0;6
LU2ME001;28707277;64;0;6
LU2ME001;28707323;82.5;0;6
LU2ME001;28707352;76.5;0;6
LU2ME001;28707355;54.5;0;6
LU2ME001;28707408;57.5;0;6
LU2ME001;28707442;57.5;0;6
LU2ME001;28707484;48;0;6
LU2ME001;28707533;82;0;6
LU2ME001;28707566;40;40;6
LU2ME001;28707579;43;43;6
LU2ME001;28707601;68.5;0;6
LU2ME001;28707606;68.5;0;6
LU2ME001;28707674;65;0;6
LU2ME001;28707691;53;0;6
LU2ME001;28707720;71.5;0;6
LU2ME001;28707738;63;0;6
LU2ME001;28707761;66;0;6
LU2ME001;28707795;58.5;0;6
LU2ME001;28707825;59;0;6
LU2ME001;28707876;53.5;0;6
LU2ME001;28707879;57.5;0;6
LU2ME001;28707916;73.5;0;6
LU2ME001;28707938;72;0;6
LU2ME001;28707941;79;0;6
LU2ME001;28708057;92;0;6
LU2ME001;28708098;59.5;0;6
LU2ME001;28708144;57;0;6
LU2ME001;28708174;51.5;0;6
LU2ME001;28708227;75;0;6
LU2ME001;28708266;49.5;49.5;6
LU2ME001;28708281;69.5;0;6
LU2ME001;28708301;69.5;0;6
LU2ME001;28708312;78.5;0;6
LU2ME001;28708315;64.5;0;6
LU2ME001;28708338;64.5;0;6
LU2ME001;28708406;51.5;0;6
LU2ME001;28708550;70.5;0;6
LU2ME001;28708579;62.5;0;6
LU2ME001;28708583;43;0;6
LU2ME001;28708611;61.5;0;6
LU2ME001;28708616;83.5;0;6
LU2ME001;28708677;36.5;37.5;6
LU2ME001;28708680;42.5;50;6
LU2ME001;28708700;81;0;6
LU2ME001;28708721;51.5;0;6
LU2ME001;28708753;55.5;0;6
LU2ME001;28708764;50.5;0;6
LU2ME001;28708837;64;0;6
LU2ME001;28708857;51.5;0;6
LU2ME001;28709020;68;0;6
LU2ME001;28709053;52.5;0;6
LU2ME001;28709077;72.5;0;6
LU2ME001;28709159;59;0;6
LU2ME001;28709174;78;0;6
LU2ME001;28709277;49.5;49.5;6
LU2ME001;28709310;85.5;0;6
LU2ME001;28709368;57;0;6
LU2ME001;28709390;57;0;6
LU2ME001;28709409;67;0;6
LU2ME001;28709477;81;0;6
LU2ME001;28709516;81.5;0;6
LU2ME001;28709663;48.5;0;6
LU2ME001;28709733;83.5;0;6
LU2ME001;28709867;63.5;0;6
LU2ME001;28709874;64;0;6
LU2ME001;28710041;64;0;6
LU2ME001;28710179;59;0;6
LU2ME001;28710209;64.5;0;6
LU2ME001;28710225;81.5;0;6
LU2ME001;28710226;62;0;6
LU2ME001;28710261;61;0;6
LU2ME001;28710377;53.5;0;6
LU2ME001;28710524;53;53;6
LU2ME001;28710623;43.5;0;6
LU2ME001;28710632;62;0;6
LU2ME001;28710752;45.5;45.5;6
LU2ME001;28710792;63.5;63.5;6
LU2ME001;28710964;56.5;0;6
LU2ME001;28711110;62.5;0;6
LU2ME001;28711123;38.5;38.5;6
LU2ME001;28711350;39;81.5;6
LU2ME001;28711356;50;50;6
LU2ME001;28711409;56.5;0;6
LU2ME001;28711412;54;0;6
LU2ME001;28711438;87.5;0;6
LU2ME001;28711472;64;0;6
LU2ME001;28711486;75;0;6
LU2ME001;28711566;62;0;6
LU2ME001;28711707;52;52;6
LU2ME001;28711756;65;0;6
LU2ME001;28711957;61;0;6
LU2ME001;28711958;61;0;6
LU2ME001;28711972;91;0;6
LU2ME001;28711985;70.5;0;6
LU2ME001;28712006;75;0;6
LU2ME001;28712085;72.5;0;6
LU2ME001;28712124;49;49;6
LU2ME001;28712127;54;0;6
LU2ME001;28712200;67;0;6
LU2ME001;28712213;44;69;6
LU2ME001;28712227;56;0;6
LU2ME001;28712255;59;0;6
LU2ME001;28712266;51;0;6
LU2ME001;28712284;59;0;6
LU2ME001;28712300;85.5;0;6
LU2ME001;28712301;56.5;0;6
LU2ME001;28712375;53.5;0;6
LU2ME001;28712392;58;0;6
LU2ME001;28712415;64;0;6
LU2ME001;28712459;90;0;6
LU2ME001;28712460;64;0;6
LU2ME001;28712469;51;0;6
LU2ME001;28712510;48.5;48.5;6
LU2ME001;28712526;65;0;6
LU2ME001;28712529;69;0;6
LU2ME001;28712602;38.5;62.5;6
LU2ME001;28712643;83;0;6
LU2ME001;28712747;65.5;0;6
LU2ME001;28712769;53;0;6
LU2ME001;28712811;65.5;0;6
LU2ME001;28712863;37.5;37.5;6
LU2ME001;28712899;70.5;0;6
LU2ME001;28712900;70.5;0;6
LU2ME001;28713121;57;0;6
LU2ME001;28713239;75.5;0;6
LU2ME001;28713409;91;0;6
LU2ME001;28713567;36;36;6
LU2ME001;28713648;76;0;6
LU2ME001;28713819;65.5;0;6
LU2ME001;28713925;69.5;0;6
LU2ME001;28714072;49.5;0;6
LU2ME001;28714490;36.5;36.5;6
LU2ME001;28714514;65.5;0;6
LU2ME001;28714685;48.5;89.5;6
LU2ME001;28714890;56.5;0;6
LU2ME001;28715136;62;0;6
LU2ME001;28715415;64.5;0;6
LU2ME001;28715453;71;0;6
LU2ME001;28715846;24.5;33.5;6
LU2ME001;28716087;0;0;6
LU2ME001;28716263;69;0;6
LU2ME001;28716401;29.5;29.5;6
LU2ME001;28716429;56.5;0;6
LU2ME001;28716812;49.5;0;6
LU2ME001;28716894;81;0;6
LU2ME001;28716947;0;0;6
LU2ME001;28717272;63.5;0;6
LU2ME001;28717298;62.5;0;6
LU2ME001;28717564;85.5;0;6
LU2ME001;28717628;73;0;6
LU2ME001;28717679;35.5;35.5;6
LU2ME001;28717821;40.5;40.5;6
LU2ME001;28718026;64;0;6
LU2ME001;28718425;37;37;6
LU2ME001;28718616;75;0;6
LU2ME001;28719569;69;0;6
LU2ME001;28725180;54.5;0;6
LU2ME001;28725535;76;0;6
LU2ME001;28726856;80.5;0;6
LU2ME001;28728443;63.5;63.5;6
LU2ME001;28728473;66.5;0;6
LU2ME001;28732980;65;0;6
LU2ME001;28736759;72.5;0;6
LU2ME001;28737088;70;0;6
LU2ME001;3152828;0;0;6
LU2ME001;3520390;0;0;6
LU2ME001;3679936;59;0;6
LU2ME001;3682674;0;0;6
LU2ME001;3700085;52;0;6
LU2ME001;3700105;35;35;6
LU2ME001;3700460;42;42;6
LU2ME001;3703287;0;0;6
LU2ME001;3800067;39.5;0;6
LU2ME001;3800074;0;14.5;6
LU2ME001;3800182;35.5;0;6
LU2ME001;3800358;34.5;34.5;6
LU2ME001;3800396;41.5;41.5;6
LU2ME001;3800418;58;0;6
LU2ME001;3800423;72;0;6
LU2ME001;3800507;39;39;6
LU2ME001;3800564;51.5;51.5;6
LU2ME001;3800783;41.5;0;6
LU2ME001;3801623;43.5;69;6
LU2ME001;3801715;29;29;6
LU2ME001;3801891;44.5;44.5;6
LU2ME001;3802628;42;42.5;6
LU2ME001;3802958;48.5;48.5;6
LU2ME001;3803788;41.5;41.5;6
LU2ME001;3803863;59;0;6
LU2ME001;3804419;1;1;6
LU2ME001;3804441;17;17;6
LU2ME001;3804884;46;46;6
LU2ME001;3805033;19.5;19.5;6
LU2ME001;3805128;27.5;29;6
LU2ME001;3807357;37.5;64.5;6
LU2ME001;3808557;52;0;6
LU2ME001;3809529;16.5;16.5;6
LU2ME001;3810718;3;14.5;6
LU2ME001;3811710;49.5;0;6
LU2ME001;8511141;5;5;6
